Fd_Name,Fd_represent_name,Fd_Kcal,Fd_Protein,Fd_fat,Fd_cbhyd,Fd_sugar,Fd_natrium,Fd_chole,영양성분함량기준량
꽃게탕,꽃게탕,17,1.86,0.41,1.44,0.95,273,2.61,100g
낙지전골,낙지전골,51,6.5,1.14,3.72,0,484,51.44,100g
동태국,동태국,17,2.42,0.16,1.4,0,224,11.46,100g
동태찌개,동태찌개,44,6.11,1.37,1.72,0.13,273,26.68,100g
돼지고기찌개,돼지고기찌개,48,6.25,1.51,2.26,0.13,255,10.95,100g
된장찌개,된장찌개,46,3.38,1.63,4.44,0,318,0,100g
된장찌개_냉이,된장찌개,19,1.17,0.31,2.91,0.55,174,0,100g
된장찌개_달래,된장찌개,35,3.18,0.79,3.81,0.41,570,2.21,100g
된장찌개_두부,된장찌개,41,3.25,1.96,2.56,0.99,478,0,100g
된장찌개_바지락,된장찌개,23,2.88,0.72,1.18,0.56,406,3.81,100g
두부찌개_고추장,두부찌개,52,4.01,2.63,3.18,0.8,181,0.34,100g
두부찌개_소고기_고추장,두부찌개,58,4.56,1.42,6.73,0.17,195,6.43,100g
두부찌개_소고기_된장,두부찌개,55,5.71,1.98,3.5,0.72,297,5.98,100g
매운탕_대구,매운탕,22,4.49,0.4,0.19,0,250,19.2,100g
매운탕_해물,매운탕,35,4.85,0.64,2.51,0.45,368,47.65,100g
버섯전골,버섯전골,78,5.14,4.24,4.78,1.18,146,12.33,100g
부대찌개,부대찌개,123,5.86,6.49,10.27,0.18,239,11.05,100g
샤브샤브_버섯,샤브샤브,30,3.88,0.9,1.57,0.53,51,7.55,100g
닭다리튀김_간장,닭다리튀김,323,18.86,19.6,17.88,3.71,410,58.97,100g
닭튀김_날개,닭튀김,257,17.17,16.27,10.49,0,269,75.34,100g
떡강정,떡강정,249,3.79,4.72,47.89,5.34,446,0,100g
미역튀각,미역튀각,443,13.24,33.9,21.14,11.36,5223,0,100g
탕수육_새우,탕수육,116,6.65,4.2,13.02,6.44,492,53.36,100g
가지나물,가지나물,36,1.42,1.5,4.18,2.34,274,0,100g
고구마줄기나물,고구마줄기나물,83,0.98,7,4.1,0,179,0,100g
고사리나물무침,고사리나물무침,90,3.78,5.52,6.28,0.5,441,0,100g
고춧잎나물무침,고춧잎나물무침,88,4.41,4.69,7.14,1.51,797,0,100g
깻잎나물,깻잎나물,78,2.68,5.18,5.04,2.04,362,0,100g
냉이나물,냉이나물,111,5.02,3.07,15.7,10.45,718,0,100g
도라지나물무침,도라지나물무침,130,2.48,7.52,13.12,0.9,411,0,100g
돌나물무침,돌나물무침,69,1.66,3.18,8.3,5.26,360,0,100g
머위대나물무침,머위대나물무침,58,3.96,2.56,4.76,0.34,363,25.22,100g
무나물무침,무나물무침,21,0.62,0.46,3.64,3.3,352,0,100g
방풍나물무침,방풍나물무침,76,4.39,1.73,10.74,2.91,267,0,100g
배추나물,배추나물,61,2.01,2.19,8.45,6.24,276,0,100g
비름나물무침,비름나물무침,73,3.46,4.05,5.7,0.86,335,0,100g
버섯조림,버섯조림,60,4.38,2,6.23,1.95,302,0,100g
병어조림,병어조림,112,12.46,4.78,4.87,0.22,842,40.81,100g
삼치조림,삼치조림,125,15.88,5.63,2.61,2.03,441,51.41,100g
양미리조림,양미리조림,65,5.76,0.66,9.09,2.2,711,49.59,100g
어묵조림,어묵조림,159,5.83,4.73,23.16,2.43,428,7.84,100g
연근조림,연근조림,174,2.68,5.1,29.42,2.78,661,0,100g
오징어조림,오징어조림,137,16.55,2.37,12.45,6.85,1469,172.74,100g
오징어채조림,오징어채조림,240,23.52,4.9,25.36,13.78,1130,236.72,100g
우엉조림,우엉조림,188,4.8,3.33,34.8,28.43,1174,0,100g
장조림_달걀,장조림,138,9.85,7.12,8.67,6.87,628,246.68,100g
장조림_메추리알,장조림,203,14.25,13.41,6.3,3.48,755,389.45,100g
장조림_소고기,장조림,69,10.41,0.86,4.84,1,543,20.21,100g
장조림_소고기_메추리알,장조림,157,11.69,5.39,15.56,3.32,877,181.88,100g
쥐포조림,쥐포조림,276,13.03,8.86,36.12,23.37,1265,50.56,100g
코다리조림,코다리조림,86,16.46,0.4,4.16,3.67,466,66.8,100g
콩조림(콩자반),콩조림(콩자반),281,17.97,7.73,34.83,3.53,868,0,100g
감자튀김,감자튀김,312,4.55,17.01,35.15,0.37,78,0,100g
김튀김,김튀김,522,11,28.9,54.36,0.14,606,0,100g
다시마튀각,다시마튀각,462,8.44,26.52,47.32,17.24,1305,0,100g
잔멸치볶음_홍고추_풋고추,잔멸치볶음,228,33.28,8,5.72,3.76,2061,327.98,100g
잡채,잡채,146,4.71,3.3,24.26,0.73,360,22.66,100g
잡채_어묵,잡채,148,2.34,3.78,26.13,1.5,429,3.83,100g
잡채_콩나물,잡채,67,1.93,0.97,12.55,9.37,619,0,100g
죽순볶음_소고기,죽순볶음,120,13.68,5.59,3.78,2.07,214,30.97,100g
팔보채,팔보채,90,12.42,2.9,3.42,2.09,856,50.98,100g
풋고추볶음,풋고추볶음,70,1.93,3.23,8.25,4.34,276,0,100g
햄볶음_채소,햄볶음,183,10.47,11.37,9.6,3.33,803,32.49,100g
감자조림,감자조림,114,2.4,3.52,18.1,7.68,487,0,100g
고등어조림,고등어조림,141,11.25,8.84,4.1,3.39,390,30.05,100g
꽁치조림,꽁치조림,244,15.52,17.87,5.14,4.05,350,32.81,100g
닭볶음탕,닭볶음탕,111,11.91,3.22,8.52,0.42,376,42.44,100g
닭조림,닭조림,197,18.03,10.9,6.57,0.5,470,70.32,100g
닭조림_고추장,닭조림,152,9.12,6.94,13.25,2.04,290,48.95,100g
두부조림,두부조림,143,9.64,9.66,4.4,3.64,161,0,100g
땅콩조림,땅콩조림,483,18.75,36.4,19.95,9.85,574,0,100g
멸치조림,멸치조림,318,40.92,13.22,8.93,7.35,3163,384.78,100g
무조림,무조림,48,2.26,2.38,4.29,3.87,779,0.64,100g
미트볼조림,미트볼조림,221,18.15,10.73,12.95,10.52,315,29.48,100g
버섯볶음_느타리,버섯볶음,94,2.8,6.2,6.78,4.24,524,0,100g
버섯볶음_새송이버섯,버섯볶음,121,2.95,8.03,9.29,3.75,341,0,100g
브로콜리볶음,브로콜리볶음,51,4.42,1.28,5.53,1.42,94,0,100g
삼겹살볶음_묵은지김치,삼겹살볶음,151,5.76,10.49,8.4,3.62,604,13.36,100g
새우볶음,새우볶음,83,9.91,2.21,5.96,3.99,326,79.67,100g
소고기볶음_고추장,소고기볶음,197,14.36,10.79,10.7,9.7,554,38.8,100g
소고기볶음_버섯,소고기볶음,144,11.59,7.73,6.92,2.85,369,23.61,100g
소고기볶음_채소,소고기볶음,126,12.8,5.4,6.44,4.53,269,38.44,100g
소시지볶음,소시지볶음,280,11.94,19.38,14.41,5.83,887,28.41,100g
애호박볶음,애호박볶음,59,1.32,3.62,5.3,0.42,447,0,100g
양파볶음,양파볶음,56,0.99,1.54,9.51,9.15,274,0,100g
어묵볶음,어묵볶음,197,8.41,7.29,24.33,6.31,818,16.64,100g
어묵볶음_채소,어묵볶음,152,6.33,6.41,17.2,1.26,632,9.36,100g
오징어볶음,오징어볶음,128,9.85,6.52,7.43,1.93,310,109.18,100g
유산슬,유산슬,86,7.54,4.4,4.1,2.15,211,30.27,100g
잔멸치볶음_견과류,잔멸치볶음,388,24.34,22.22,22.64,14.54,1753,134.8,100g
잔멸치볶음_꽈리고추,잔멸치볶음,293,24.78,17.48,9.24,5.84,1266,193.94,100g
잔멸치볶음_풋고추,잔멸치볶음,256,28.24,8.32,16.94,10.62,2070,325.72,100g
닭볶음(닭갈비)_닭가슴살_피망,닭볶음(닭갈비),122,16.39,5.65,1.38,0.29,490,50.36,100g
당근볶음,당근볶음,95,0.93,6.63,7.79,4.5,216,0,100g
돼지고기볶음_김치,돼지고기볶음,161,11.81,10.05,5.93,2.9,510,35.12,100g
돼지고기볶음_채소,돼지고기볶음,169,16.57,7.59,8.63,6.67,346,46.71,100g
돼지고기볶음(제육볶음),돼지고기볶음(제육볶음),195,12.15,14.19,4.73,0.38,501,45.6,100g
떡볶이,떡볶이,144,3.51,2.96,25.96,4.4,391,2.34,100g
떡볶이_채소,떡볶이,258,3.12,1.88,57.06,1.97,269,0,100g
라볶이,라볶이,134,2.83,4.71,20.14,0.94,311,2.52,100g
마늘쫑볶음,마늘쫑볶음,89,3.25,2.54,13.17,5.29,562,0,100g
마늘쫑볶음_멸치,마늘쫑볶음,117,7.54,2.78,15.42,5.7,505,2.52,100g
마파두부,마파두부,109,7.29,6.48,5.36,2.45,352,6.79,100g
멸치볶음,멸치볶음,276,39.44,7.08,13.62,11.6,2606,368.7,100g
멸치볶음_견과류,멸치볶음,414,30.4,24.32,18.36,14.02,1828,157.2,100g
멸치볶음_꽈리고추,멸치볶음,253,23.62,14.08,7.96,6.24,1334,147.3,100g
멸치볶음_마늘쫑,멸치볶음,277,32.4,10.84,12.42,4.26,2501,305.04,100g
멸치볶음_풋고추,멸치볶음,190,20.62,6,13.3,9.02,1345,196.8,100g
문어볶음_고추장,문어볶음,88,10.97,1.02,8.62,5.44,487,78.89,100g
미역줄기볶음,미역줄기볶음,77,0.96,5.95,4.85,0.55,505,0,100g
산적_돼지고기,산적,200,29.06,8.56,1.55,0.06,586,56.15,100g
스크램블드에그,스크램블드에그,216,11.81,17.59,2.56,0.45,369,251.32,100g
애호박전,애호박전,122,4.35,8.62,6.73,2.32,224,75.99,100g
완자전_돼지고기,완자전,139,14.78,5.95,6.51,2.56,859,68.26,100g
완자전_소고기,완자전,162,18.73,7.56,4.68,0.2,381,72.61,100g
완자전_참치,완자전,173,15,6.49,13.57,3.69,567,69.88,100g
완자전_해물,완자전,222,11.46,11.61,18.04,3.41,591,61.22,100g
채소전,채소전,145,3.57,4.5,22.59,2.06,259,19.62,100g
파전_해물,파전,171,5.5,8.4,18.29,0.82,300,50.72,100g
감자볶음,감자볶음,100,1.75,4.84,12.41,3.37,318,0,100g
감자볶음_채소,감자볶음,108,2.04,5.22,13.1,0.12,208,0,100g
건새우볶음,건새우볶음,304,41.55,12.95,5.4,4.05,1554,387.95,100g
곱창볶음_돼지고기,곱창볶음,130,7.23,3,18.52,3.27,215,76.08,100g
김치볶음,김치볶음,106,1.38,7.94,7.27,4.45,521,4.66,100g
김치볶음_참치,김치볶음,122,8.33,6.68,7.12,1.83,480,20.25,100g
낙지볶음,낙지볶음,91,5.77,3.77,8.6,7.91,537,44.76,100g
닭발볶음,닭발볶음,186,13.8,9.38,11.72,6.37,974,412.79,100g
닭볶음(닭갈비),닭볶음(닭갈비),186,13.98,10.96,7.93,0.77,338,49.32,100g
장어구이_고추장,장어구이,259,19.82,17.21,6.18,0.44,322,131.89,100g
조개구이_키조개,조개구이,130,17.43,2.07,10.44,3.6,454,25.29,100g
조기구이,조기구이,177,19.33,10.86,0.44,0,1364,91.79,100g
참치구이_머리,참치구이,193,26.56,8.98,1.4,0,459,116.49,100g
치킨데리야끼,치킨데리야끼,208,16.54,9.01,15.21,0.11,267,53.29,100g
함박스테이크,함박스테이크,174,12.1,10.73,7.19,0.06,198,46.73,100g
가지전,가지전,123,5.48,7.28,8.88,0.84,337,98.48,100g
감자전,감자전,133,1.72,6.54,16.79,1.81,293,0,100g
고구마전,고구마전,227,2.92,7.98,35.99,14.26,87,0,100g
김치전,김치전,134,5.05,4.2,19.01,4.21,240,54.91,100g
달걀말이,달걀말이,193,17.21,13.21,1.45,0,449,339.85,100g
달걀부침(달걀후라이),달걀부침(달걀후라이),208,15.73,13.78,5.15,0.03,161,327.72,100g
달걀부침(달걀후라이)_햄,달걀부침(달걀후라이),277,12.71,21.59,8.06,0,591,77.39,100g
두부부침,두부부침,140,10.92,9.77,2.07,0.24,429,0,100g
맛살전,맛살전,165,7.48,6.24,19.69,1.14,559,64.18,100g
메밀전,메밀전,161,4.02,0.64,34.79,0.3,145,0,100g
버섯전_표고버섯,버섯전,181,10.13,9.98,12.74,1.89,317,72.33,100g
부추전,부추전,167,4.63,4.17,27.86,8.28,247,26.17,100g
꼬치구이_닭고기_대파,꼬치구이,245,17.85,14.7,10.35,1.66,417,76.62,100g
닭구이,닭구이,257,26.21,13.39,7.8,0,751,119.18,100g
닭발구이,닭발구이,196,18.15,9.41,9.7,0.31,827,81.85,100g
떡갈비,떡갈비,202,21.38,11.82,2.46,0.4,404,68.04,100g
런천미트구이,런천미트구이,303,17.56,24.38,3.27,1.71,954,35.69,100g
뱅어포구이,뱅어포구이,374,34.37,15.17,25.07,15.91,1479,469.76,100g
버섯구이,버섯구이,52,5.16,1.38,4.78,0.11,492,0,100g
버섯구이_새송이버섯,버섯구이,84,4.29,2.21,11.66,4.54,463,0,100g
버섯구이표고버섯,버섯구이표고버섯,100,4.34,1.06,18.14,1.4,435,0,100g
삼겹살구이,삼겹살구이,467,22.56,41.69,0.35,0,576,39.72,100g
삼겹살구이_고추장,삼겹살구이,403,14.21,32.83,12.63,5.73,510,35.52,100g
삼치구이,삼치구이,178,21.42,9.57,1.45,0.22,217,79.38,100g
새우구이,새우구이,145,23.41,4.44,2.82,0.03,330,233.98,100g
소불고기,소불고기,170,16.41,9.66,4.26,3.24,418,50.02,100g
스테이크_소등심,스테이크,194,30.22,8.07,0.14,0,134,84.18,100g
스테이크_소안심,스테이크,183,34.82,4.83,0.13,0,103,80.25,100g
오리고기구이,오리고기구이,293,24.06,19.7,4.89,0,708,132.33,100g
오리불고기,오리불고기,145,6.75,9.05,9.05,6.29,467,31.13,100g
달걀찜_우유,달걀찜,105,8.23,6.31,3.8,2.55,262,169.58,100g
닭찜,닭찜,107,12.37,6.09,0.6,0,224,66.22,100g
돼지갈비찜,돼지갈비찜,194,13.29,12.32,7.44,0.13,478,50.07,100g
사태찜_소고기,사태찜,110,12.1,5.17,3.67,0.13,302,94.95,100g
수육_소고기,수육,166,28.43,4.94,2.04,0.11,31,88.3,100g
순대,순대,187,2.75,3.64,35.73,1.39,604,26.24,100g
아귀찜,아귀찜,84,6.72,3.13,7.26,2.73,392,51.39,100g
애호박찜,애호박찜,181,9.5,6.48,21.18,1.81,161,12.54,100g
옥수수_찐옥수수,옥수수,185,6.68,2.42,34.2,2.36,90,0,100g
족발,족발,233,26.04,13.91,0.93,0,345,91.72,100g
코다리찜,코다리찜,94,14.49,1.35,6.08,2.5,620,60.96,100g
콩나물찜_해물,콩나물찜,56,6.67,1.01,4.97,0,223,64.85,100g
풋고추찜,풋고추찜,51,2.31,0.99,8.27,1.44,708,0,100g
가자미구이,가자미구이,123,18.7,5.02,0.66,0,315,84.33,100g
갈비구이_소고기,갈비구이,241,25.91,14.55,1.59,0.26,402,77.75,100g
갈치구이_기름,갈치구이,138,21.54,5.48,0.6,0,297,87.96,100g
고등어구이_석쇠,고등어구이,340,23.38,25.69,3.79,0,126,53.09,100g
곱창구이_소고기,곱창구이,184,14.89,11.73,4.71,1.11,1315,196.11,100g
김구이_조미김,김구이,470,20.4,30.2,29,0.2,4011,0,100g
샤브샤브_소고기,샤브샤브,43,5.38,1.62,1.8,1.49,96,11.9,100g
소고기전골,소고기전골,63,7.89,3.24,0.46,0.05,299,16.08,100g
순두부찌개_김치,순두부찌개,35,2.98,1.59,2.17,0.32,151,4.6,100g
알탕,알탕,39,6.37,0.74,1.74,0,250,80.81,100g
오리백숙,오리백숙,112,10.59,7.5,0.5,0.25,161,51.85,100g
오리탕,오리탕,121,9.5,6.56,6.08,3.58,317,38.47,100g
오징어찌개,오징어찌개,34,3.3,0.22,4.77,0.45,285,26.34,100g
청국장찌개,청국장찌개,47,5.03,2.11,1.92,0,242,2.61,100g
추어탕,추어탕,54,3.24,3.18,3.07,0,246,15.84,100g
콩비지찌개,콩비지찌개,69,6.74,3.08,3.57,3.25,289,7.12,100g
호박찌개_고추장,호박찌개,41,2.08,0.99,5.96,0.56,211,0,100g
고구마_찐고구마,고구마,139,1.67,0.24,32.47,16.32,10,0,100g
가오리찜,가오리찜,102,21.99,1.39,0.46,0.06,151,91.28,100g
갈비찜_소고기,갈비찜,85,7.25,3.17,6.95,0.75,272,33.38,100g
감자_찐감자,감자,70,2.16,0.16,15.01,0.86,3,0,100g
깻잎찜,깻잎찜,97,5.21,5.86,5.96,1.33,792,0,100g
꼬막찜,꼬막찜,96,12.03,2.28,6.97,1.03,736,38.3,100g
꽈리고추찜,꽈리고추찜,104,3.59,2.09,17.69,0.44,316,0,100g
달걀찜_새우젓,달걀찜,58,4.98,4.04,0.47,0,247,189.26,100g
얼갈이배추김치,얼갈이배추김치,63,1.59,1.45,10.94,0.38,246,0,100g
오이김치,오이김치,38,2.06,0.8,5.64,2.37,466,0,100g
가자미식해,가자미식해,134,11.09,4.81,11.64,3.71,685,73.81,100g
갈치젓_양념,갈치젓,149,15.53,5.08,10.28,4.91,5023,112.27,100g
멸치젓_양념,멸치젓,90,11.4,1.6,7.4,0.6,6667,117.6,100g
새우젓_양념,새우젓,69,7.1,1.8,6,0.5,7402,69.8,100g
오징어젓_양념,오징어젓,60,10.1,0.7,3.4,2.4,2151,144.7,100g
꽃게장_간장,꽃게장,62,7.02,1.1,6.04,4.21,1089,48.91,100g
꽃게장_양념(고추가루),꽃게장,97,10.23,0.61,12.61,8.77,804,46.16,100g
단무지,단무지,13,0.33,0.2,2.4,0.47,552,0,100g
더덕장아찌,더덕장아찌,141,4.47,0.89,28.9,15.38,1167,0,100g
매실장아찌_우메보시(일본),매실장아찌,65,1.27,1.77,11.03,7.87,3728,0,100g
무짠지,무짠지,11,0.54,0.12,1.98,1.58,2382,0,100g
무초절임(치킨무),무초절임(치킨무),17,0.52,0.3,3.05,1.75,189,0,100g
오이장아찌,오이장아찌,14,0.36,0.28,2.54,1.04,740,0,100g
오이지,오이지,21,0.74,0.72,2.84,0,2050,0,100g
미숫가루,미숫가루,70,2.08,2.27,10.42,0,24,0,100g
육회,육회,130,9.93,6.43,8.12,5.29,418,28.09,100g
오징어무침_채소,오징어무침,62,5.85,0.93,7.6,5.54,162,49.17,100g
오징어채무침,오징어채무침,258,23.6,5.53,28.41,18.71,1803,227.73,100g
톳나물무침,톳나물무침,75,1.87,2.09,12.28,6.94,600,0,100g
파래무침,파래무침,49,3.53,1.7,4.97,1.73,736,2.17,100g
파무침,파무침,71,2.25,2.81,9.08,8.02,424,6.25,100g
풋고추된장무침_풋고추,풋고추된장무침,124,2.37,7.35,12,8.43,183,0,100g
풋마늘무침,풋마늘무침,71,4.14,1.04,11.27,5.95,477,0,100g
피조개무침,피조개무침,52,4.71,0.95,6.07,3.72,223,14.87,100g
해초무침,해초무침,39,0.95,0.16,8.52,3.95,862,0,100g
회무침,회무침,82,8.09,1.65,8.6,4.53,275,26.4,100g
회무침_가오리,회무침,81,11.33,1.16,6.35,5.47,354,277.64,100g
고들빼기김치,고들빼기김치,71,3,1.38,11.52,4.4,605,3.9,100g
깍두기,깍두기,33,1.56,1.06,4.24,2.54,808,3.06,100g
깻잎김치,깻잎김치,62,2.82,1.72,8.92,4.04,924,0,100g
나박김치,나박김치,10,0.46,0.38,1.15,0.34,377,0,100g
동치미,동치미,14,0.29,0.37,2.28,1.45,412,0,100g
물김치_돌나물,물김치,5,0.31,0.08,0.75,0.35,237,0,100g
보쌈김치,보쌈김치,30,2.19,0.72,3.73,1.69,661,5.98,100g
부추김치,부추김치,47,2.68,1.16,6.36,4.08,761,0,100g
민들레잎무침,민들레잎무침,81,2.69,2.33,12.32,8.16,248,0,100g
버섯무침_느타리버섯,버섯무침,59,2.74,3.77,3.44,0.09,311,0,100g
부추무침,부추무침,92,3.5,5.92,6.25,3.06,666,14.73,100g
부추무침_양파,부추무침,44,1.83,1.07,6.81,5.79,326,0,100g
북어채무침,북어채무침,188,28.4,2.91,12.05,5.59,756,110.75,100g
샐러드_감자,샐러드,126,1.31,7.99,12.25,3.75,236,4.53,100g
샐러드_단호박,샐러드,162,1.48,8.97,18.77,14.3,70,4.52,100g
샐러드_닭가슴살,샐러드,135,7.17,9.49,5.36,3.25,88,10.85,100g
샐러드_새싹,샐러드,74,2.77,4.81,4.96,2.26,156,12.28,100g
샐러드_양배추,샐러드,150,2.69,11.71,8.47,7.95,97,5.14,100g
샐러드_양상추,샐러드,126,4.91,10.3,3.42,1.58,158,0,100g
샐러드_옥수수,샐러드,166,1.96,11.94,12.68,6.01,483,5.82,100g
샐러드_참치,샐러드,151,10.82,8.65,7.52,6.91,299,21.91,100g
샐러드_채소,샐러드,145,1.16,13.35,5.1,4.72,74,7.08,100g
양장피,양장피,133,7.3,6.63,10.95,0.44,496,65.89,100g
오이무침_부추,오이무침,31,1.95,0.39,5.01,4.15,1070,0,100g
오이생채,오이생채,69,1.78,2.9,8.96,8.04,474,0,100g
오이지무침,오이지무침,52,0.96,3.51,4.21,2.78,1615,0,100g
겉절이_치커리,겉절이,56,1.49,3.65,4.4,3.71,177,0,100g
골뱅이무침_소면,골뱅이무침,109,5.01,1.47,18.91,3.57,281,14.5,100g
굴무침,굴무침,77,6.68,2.31,7.3,2.74,204,28.38,100g
김무침,김무침,259,21.17,10.73,19.33,5.73,1011,0,100g
낙지무침,낙지무침,77,12.41,1.24,3.96,0.14,340,136.42,100g
냉채_닭고기,냉채,90,13.08,1.95,5,4.8,151,46.32,100g
다시마무침,다시마무침,48,2.57,1.18,6.8,0,2759,13.03,100g
달래무침,달래무침,63,2.92,3.02,6.07,3.83,567,0,100g
도라지생채,도라지생채,77,2.06,0.51,16.15,5.25,283,0,100g
두릅무침_초고추장,두릅무침,67,2.16,3.01,7.89,4.54,205,0,100g
마늘쫑무침,마늘쫑무침,106,2.73,4.93,12.77,7.47,313,0,100g
무말랭이무침,무말랭이무침,121,4.2,1.55,22.5,4.1,450,1.95,100g
무생채,무생채,49,2.43,1.11,7.33,1.78,821,8.09,100g
무생채_굴,무생채,50,3.68,1.26,5.92,4.04,366,12.81,100g
묵무침_도토리묵,묵무침,74,0.93,2.95,10.92,1.82,319,0,100g
물회_오징어,물회,49,6.19,1.2,3.26,2.1,364,68.29,100g
미나리무침,미나리무침,46,1.31,2.13,5.41,2.24,765,0,100g
미역초무침,미역초무침,35,1.18,1.02,5.24,1.3,452,0,100g
숙주나물,숙주나물,35,2.22,1.58,2.96,1.58,403,0,100g
시금치나물,시금치나물,69,3.74,4.46,3.36,0.1,136,0,100g
시래기나물무침,시래기나물무침,114,4.32,7.28,7.74,0.54,514,0,100g
씀바귀나물무침,씀바귀나물무침,97,3.87,1.73,16.57,1.28,204,0,100g
열무나물,열무나물,82,3.91,5.3,4.76,0.6,460,0,100g
열무나물_된장,열무나물,68,3.71,4.09,4.09,0.73,379,0,100g
유채나물,유채나물,96,5.8,4.6,7.82,1.98,1279,0,100g
참나물,참나물,60,2.51,3.69,4.14,0.67,218,0,100g
취나물_된장,취나물,44,3.08,1.66,4.12,0.84,235,0,100g
취나물_취나물(마른것),취나물,89,3.62,5.4,6.4,0,133,0,100g
콩나물무침,콩나물무침,69,3.86,4.54,3.2,0.5,387,0,100g
콩나물무침_고춧가루,콩나물무침,93,3.93,5.93,5.93,1.9,203,0,100g
토란대나물무침,토란대나물무침,68,5.14,3.38,4.22,0.39,222,24.41,100g
호박오가리나물무침,호박오가리나물무침,201,6.14,10.01,21.46,6.82,1849,0,100g
가죽나물무침,가죽나물무침,76,5.83,1.35,10.05,3.81,276,0,100g
겉절이_배추,겉절이,55,2.28,2.14,6.58,1.3,328,2.9,100g
겉절이_상추,겉절이,61,2.36,3.41,5.26,2.98,431,5.8,100g
겉절이_열무,겉절이,58,2.4,2.94,5.38,2.26,891,0,100g
콩밥_완두콩,콩밥,138,2.95,0.16,31.25,0,295,0,100g
국수_쟁반막국수,국수,119,6.68,4.56,12.81,8.12,513,18.97,100g
냉면_물냉면,냉면,55,1.96,0.64,10.31,4.52,161,15.35,100g
냉면_비빔냉면,냉면,100,5.67,2.64,13.35,4.02,177,47.34,100g
냉면_회냉면_홍어,냉면,148,5.81,4.02,22.21,2.84,99,8.88,100g
떡국,떡국,84,3.43,0.53,16.37,0.08,176,16.7,100g
떡만두국,떡만두국,111,3.53,3.91,15.47,0.01,206,11.33,100g
라면,라면,82,1.72,2.28,13.65,0,283,0,100g
라면_달걀,라면,108,2.61,3.18,17.33,0.18,183,28.5,100g
라면_떡,라면,96,2.04,2.92,15.27,0,270,0,100g
만두_고기만두,만두,159,12.38,4.45,17.4,0.16,206,19.91,100g
만두_군만두,만두,234,7.03,11.5,25.57,2.77,385,9.49,100g
만두_김치만두,만두,152,10.24,4.76,17.02,0.35,393,23.27,100g
만두_물만두,만두,195,8.06,11.13,15.61,2.13,332,12.13,100g
만두국_사골,만두국,87,3.74,4,8.94,0.06,333,26.25,100g
메밀국수_온면,메밀국수,63,3.14,0.29,12.06,0,194,0,100g
수제비,수제비,58,2.31,0.52,11.08,0,142,12.85,100g
스파게티_미트볼,스파게티,180,7.34,8.88,17.62,0.89,218,12.58,100g
우동_일식,우동,158,1.78,3.22,30.48,0.02,157,0,100g
우동볶음,우동볶음,128,2.8,2.01,24.79,0.43,257,0,100g
월남쌈,월남쌈,118,5.94,4.97,12.25,5.5,230,31.58,100g
자장면,자장면,88,2.69,2.22,14.37,6.07,307,2.05,100g
짬뽕,짬뽕,58,2.79,1.54,8.26,1.57,181,10.52,100g
쫄면,쫄면,129,3.21,2.52,23.26,3.51,250,0,100g
칼국수,칼국수,77,3.3,0.49,14.9,0,220,17.14,100g
칼국수_바지락,칼국수,82,3.43,0.53,15.97,0.18,272,0.33,100g
콩국수,콩국수,81,3.9,3.35,8.92,0.24,67,0,100g
닭죽,닭죽,44,2.68,0.57,7.14,0,117,7.45,100g
스프_양송이버섯,스프,105,2.41,7.04,8.06,2.52,170,17.01,100g
오리죽,오리죽,155,7.5,4.99,19.95,0,62,36.07,100g
전복죽,전복죽,79,1.82,3.73,9.62,0,158,8.62,100g
채소죽,채소죽,43,1.69,0.69,7.62,0.17,224,0,100g
팥죽,팥죽,81,3.17,0.19,16.66,0.02,127,0,100g
호박죽,호박죽,49,1.93,1.71,6.58,3.56,42,0,100g
흑임자죽,흑임자죽,61,1.1,4.73,3.64,0.75,159,0,100g
갈비탕,갈비탕,54,8.51,2.06,0.4,0.11,199,31.46,100g
감자국,감자국,21,0.9,0.26,3.67,0.85,215,0,100g
곰탕,곰탕,24,3.43,1.12,0.11,0,124,9.04,100g
곰탕_우거지,곰탕,25,2.37,0.6,2.6,0.33,225,1.71,100g
굴국_무,굴국,25,2.41,0.36,2.93,0.14,251,8.78,100g
김치국,김치국,23,1.34,0.76,2.63,0.03,208,4.78,100g
김치국_콩나물,김치국,12,0.82,0.47,1.15,0.49,230,0.6,100g
내장탕,내장탕,71,5.82,4.52,1.68,0.05,216,63.89,100g
냉국_미역,냉국,37,0.19,0.67,7.51,4.49,148,0,100g
냉국_미역_오이,냉국,6,0.37,0.15,0.85,0.69,327,0,100g
달걀국,달걀국,13,0.93,0.74,0.69,0,246,31.11,100g
달걀탕_순두부,달걀탕,29,1.78,2.04,0.94,0,101,34.05,100g
닭곰탕,닭곰탕,51,7.51,1.42,2,0.3,170,36.02,100g
도가니탕,도가니탕,40,8.35,0.33,0.82,0,150,18.34,100g
된장국_감자,된장국,25,1.09,0.6,3.7,0.77,357,0,100g
된장국_냉이,된장국,22,1.71,0.66,2.2,0.3,236,0,100g
된장국_미역,된장국,24,1.56,0.97,2.28,0.61,305,0,100g
된장국_배추,된장국,20,1.46,0.4,2.58,0,223,3.07,100g
된장국_시금치,된장국,9,1.02,0.17,0.98,0.11,124,0.64,100g
된장국_시래기,된장국,15,1.31,0.22,2.03,0,195,0.91,100g
된장국_쑥,된장국,15,1.22,0.47,1.52,0.73,243,0.21,100g
된장국_아욱,된장국,20,2.28,0.56,1.59,0.11,236,10.22,100g
된장국_얼갈이배추,된장국,9,0.5,0.41,0.85,0.06,195,0,100g
된장국_우거지,된장국,20,2.77,0.59,0.82,0.63,291,7.11,100g
된장국_콩나물,된장국,31,2.58,1.11,2.62,0.53,365,0,100g
된장국_해물,된장국,28,2.1,0.98,2.68,0.45,384,11.38,100g
된장국_호박,된장국,31,3.34,1.31,1.41,0.49,452,0,100g
된장국_호박잎,된장국,7,0.4,0.32,0.54,0.07,163,0,100g
무국_소고기,무국,15,1.33,0.64,1.1,0,166,3.89,100g
무국_홍합,무국,25,0.79,2.03,0.86,0.24,233,2.3,100g
묵국_메밀묵,묵국,22,1,0.4,3.57,0.28,238,0,100g
미역국,미역국,12,0.65,0.61,0.87,0.27,168,0,100g
미역국_대합,미역국,11,1.23,0.45,0.56,0.01,232,3.59,100g
미역국_새우,미역국,16,1.09,0.46,1.83,0,5,11.31,100g
미역국_소고기,미역국,13,1.86,0.26,0.82,0.52,196,4.24,100g
배추국_소고기,배추국,16,1.84,0.41,1.14,0,248,5.58,100g
북어국,북어국,28,3.89,0.98,0.84,0.12,232,21.61,100g
사골국,사골국,55,5.56,2.42,2.81,0,75,19.12,100g
삼계탕,삼계탕,101,10.68,4.8,3.84,0.45,82,48.19,100g
새우탕,새우탕,33,5.17,0.44,2,0.06,268,32.73,100g
설렁탕,설렁탕,24,4.26,0.58,0.36,0,22,6.97,100g
순대국,순대국,85,2.35,1.75,14.95,0.26,330,9.67,100g
어묵국(어묵탕),어묵국(어묵탕),31,1.49,1.03,3.83,0.07,226,2.45,100g
오징어국,오징어국,18,2.22,0.73,0.73,0.24,257,31.88,100g
육개장,육개장,30,3.68,0.99,1.49,0.76,201,10.86,100g
육개장_닭고기,육개장,20,2.74,0.42,1.41,0.57,167,9.55,100g
장어탕,장어탕,67,4.32,3.91,3.68,2.66,387,33.75,100g
재첩국,재첩국,23,0.67,0.29,4.54,0,126,4.27,100g
조개국,조개국,16,1.67,0.89,0.25,0.18,297,4.01,100g
콩나물국,콩나물국,6,0.74,0.09,0.61,0.16,219,0.73,100g
토란국,토란국,16,1,0.12,2.61,0.27,190,1.12,100g
해장국_뼈다귀,해장국,26,3.19,0.97,1.06,0.63,346,9.45,100g
해장국_선지,해장국,29,3.86,0.96,1.23,0,312,29.05,100g
갈치찌개,갈치찌개,38,5.27,1,1.95,0.98,91,15.04,100g
감자탕,감자탕,71,6.31,4.06,2.27,0,328,38.53,100g
김치전골,김치전골,73,3.12,4.23,5.68,0.79,299,7.43,100g
김치찌개_꽁치,김치찌개,89,7.14,5.18,3.54,0.7,249,24.25,100g
김치찌개_돼지고기,김치찌개,45,4.25,2.71,1.04,0.05,207,7.11,100g
김치찌개_어묵,김치찌개,38,1.82,0.59,6.31,1.6,256,2.51,100g
김치찌개_참치,김치찌개,51,3.59,2.82,2.9,0.15,264,6.54,100g
김치찌개_햄,김치찌개,31,1.47,1.39,3.17,0.04,445,4.39,100g
국밥_돼지머리,국밥,137,6.7,5.16,15.94,0.16,181,23.82,100g
국밥_순대국밥,국밥,75,3.17,2.28,10.38,0.17,126,48.69,100g
국밥_콩나물,국밥,52,1.45,0.24,10.93,0,172,0,100g
기장밥,기장밥,166,3.44,0.57,36.77,0,1,0,100g
김밥,김밥,140,4.84,4.55,19.98,0,307,19.3,100g
김밥_김치,김밥,130,4.3,4.03,19.17,0.29,349,47.38,100g
김밥_날치알,김밥,177,6.1,4.26,28.66,1.43,299,55.15,100g
김밥_돈가스,김밥,202,5.77,5.81,31.64,1.33,241,6.52,100g
김밥_소고기,김밥,179,6.46,5.56,25.78,0.03,267,39.04,100g
김밥_참치,김밥,174,7,7.22,20.26,0.71,335,33.45,100g
김밥_채소,김밥,158,4.6,3.65,26.65,0.14,309,29.93,100g
김밥_치즈,김밥,177,6.24,7.03,22.1,0.21,169,35.07,100g
김밥_풋고추,김밥,169,4.88,4.41,27.52,0.09,327,37.81,100g
덮밥_낙지,덮밥,150,5.88,3.34,24.12,2.16,212,32.45,100g
덮밥_닭고기,덮밥,125,11.4,2.18,14.82,1.07,153,92.29,100g
덮밥_돼지고기(제육),덮밥,202,9.43,10.77,16.86,1.98,174,27.94,100g
덮밥_불고기,덮밥,182,6.6,5.31,26.96,0.07,253,15.83,100g
덮밥_오징어,덮밥,135,7.18,2.01,21.94,0.66,162,46.44,100g
보리밥,보리밥,161,2.9,0.24,36.77,2.57,4,0,100g
볶음밥,볶음밥,183,5.56,2.76,33.97,0,212,29.28,100g
볶음밥_계란,볶음밥,225,6.62,11.28,24.23,0.17,318,62.63,100g
볶음밥_김치,볶음밥,167,5.32,9.18,15.74,13.89,470,70.41,100g
볶음밥_새우,볶음밥,172,6.31,6.14,22.85,0.71,146,70.72,100g
볶음밥_소고기,볶음밥,176,7.59,6.48,21.76,0.08,215,50.02,100g
볶음밥_참치,볶음밥,180,4.62,3.27,32.9,0.12,631,2.76,100g
볶음밥_채소,볶음밥,182,4.72,5.39,28.74,0.29,408,46.24,100g
볶음밥_표고버섯,볶음밥,184,3.36,4.81,31.79,0,299,0,100g
비빔밥,비빔밥,142,6.86,4.32,18.84,0.05,232,42.26,100g
비빔밥_돌솥,비빔밥,147,5.39,2.95,24.68,1.24,337,9.98,100g
비빔밥_육회,비빔밥,147,6.39,3.36,22.92,4.45,446,30.56,100g
삼각김밥_참치마요네즈,삼각김밥,199,5.93,8.21,25.45,0,230,10.47,100g
수수밥,수수밥,161,3.16,0.92,35.02,0.08,1,0,100g
알밥,알밥,128,4.73,5.11,15.75,2.3,430,45.98,100g
영양돌솥밥,영양돌솥밥,184,3.43,2.87,36.06,0.63,6,0,100g
오므라이스,오므라이스,173,6.5,7.23,20.54,3.19,433,86.99,100g
자장밥,자장밥,122,4.27,4.72,15.57,0.03,236,5.75,100g
잡곡밥,잡곡밥,146,5.3,0.87,29.33,0.32,3,0,100g
잡채밥,잡채밥,150,4.02,3.42,25.79,0.05,227,5.91,100g
주먹밥_소고기,주먹밥,178,4.76,2.18,34.73,0.23,357,6.52,100g
짬뽕밥,짬뽕밥,72,3.2,1.4,11.65,1.34,234,15.78,100g
차조밥,차조밥,157,2.84,0.65,34.86,0.04,1,0,100g
찰밥,찰밥,153,4.39,0.18,33.56,0.49,3,0,100g
초밥_모듬,초밥,160,9.66,1.59,26.72,1.4,142,19.43,100g
초밥_유부초밥,초밥,194,5.78,5.77,29.82,1.99,386,3.12,100g
카레라이스,카레라이스,108,3.11,1.4,20.74,0.16,210,2.79,100g
콩나물밥,콩나물밥,123,4.68,1.58,22.39,0.04,272,3.14,100g
콩밥_검정콩,콩밥,165,4.53,1.12,34.3,0,3,0,100g
하이라이스,하이라이스,112,4.02,1.13,21.34,0,246,2.83,100g
현미밥,현미밥,172,3.1,0.47,38.9,0,2,0,100g
회덮밥_모듬,회덮밥,145,9.1,4.15,17.76,3.07,155,27.38,100g
가래떡,가래떡,195,3.92,0.51,43.73,0,241,0,100g
경단_깨,경단,240,6.28,6.72,38.58,0.61,203,0,100g
꿀떡,꿀떡,228,3.74,1.73,49.48,0.29,275,0,100g
모듬찰떡,모듬찰떡,218,6.78,2.44,42.27,2.98,188,0,100g
백설기,백설기,230,3.71,1.45,50.4,0.11,211,0,100g
송편_깨,송편,219,4.65,3.23,42.83,1.98,260,0,100g
시루떡,시루떡,224,3.77,1.85,48.13,0.04,195,0,100g
약식,약식,220,4.21,2.45,45.24,13.24,221,0,100g
인절미,인절미,242,5.64,2.16,50.07,6.35,297,0,100g
절편_쑥,절편,192,7.72,2.42,34.87,0.25,192,0,100g
증편,증편,200,3.17,1.2,44.15,3.19,284,0,100g
찹쌀떡_팥,찹쌀떡,295,5.06,2.53,62.93,25.95,140,0,100g
도넛_링도넛,도넛,515,7.85,33.17,46.16,11.6,537,47.22,100g
도넛_찹쌀,도넛,288,6,4.64,55.56,11.04,312,0.49,100g
마늘빵,마늘빵,438,12.06,17.58,57.94,7.36,519,26.68,100g
머핀,머핀,384,5.73,13.84,59.15,39.65,411,59.16,100g
모닝빵,모닝빵,314,9.5,7.43,52.17,7.97,489,40.54,100g
모카빵,모카빵,339,8.55,8.05,57.96,12.53,354,52.07,100g
미음,미음,19,0.3,0,4.7,0,0,0,100g
베이글,베이글,306,10,5.83,53.48,4.58,695,0,100g
샌드위치_닭가슴살,샌드위치,240,12.18,11.92,20.96,3.09,438,28.07,100g
샌드위치_모듬,샌드위치,193,9.5,13.44,8.44,0.6,358,82.1,100g
샌드위치_참치,샌드위치,202,10.54,11.65,13.78,1.38,209,18.86,100g
샌드위치_채소,샌드위치,244,4.08,14.75,23.82,14.26,426,6.42,100g
샌드위치_햄_달걀,샌드위치,220,12.44,11.92,15.64,1.9,699,92.91,100g
소보로빵,소보로빵,392,8.27,15.13,55.63,16.69,396,50.53,100g
식빵,식빵,264,9.34,2.6,50.91,1.56,468,5.57,100g
초코소라빵,초코소라빵,319,3.29,10.93,51.76,9.29,215,19.61,100g
츄러스,츄러스,361,6.6,11.29,58.17,22.73,363,0,100g
카스텔라,카스텔라,335,10.03,11.47,47.99,33.77,63,211.21,100g
케이크_롤케이크,케이크,312,7.36,11.83,44.01,24.64,143,142.59,100g
케이크_생크림케이크,케이크,237,3.45,12.54,27.62,14.49,151,70.1,100g
크로와상,크로와상,446,7.52,26.98,43.31,6.1,457,24.5,100g
파이/만주_사과파이,파이/만주,185,2.54,3.91,34.83,7.11,204,14.39,100g
페이스트리,페이스트리,466,8.31,29.66,41.5,6.43,373,36.34,100g
피자_콤비네이션피자,피자,274,10.68,14.36,25.54,4.85,441,21.16,100g
피자빵,피자빵,298,8.85,15.05,31.76,8.11,637,45.6,100g
햄버거,햄버거,264,12.85,13.98,21.67,3.13,450,45.2,100g
햄버거_불고기버거,햄버거,250,13.88,11.52,22.68,0.13,338,45.93,100g
호떡_견과류,호떡,314,5.41,7.07,57.12,0.73,211,0,100g
간자장,간자장,125,5.12,4.89,15.13,0.86,455,6.05,100g
국수_막국수,국수,133,5.8,1.61,23.9,4.88,405,5.53,100g
국수_비빔국수,국수,102,3.01,0.95,20.47,4.11,239,1.01,100g
국수_잔치국수,국수,44,1.93,0.49,8.05,0.04,216,0.6,100g
김밥_참치,김밥,170,6.44,5.89,22.73,1.46,353,33.89,100g
계란덮밥,계란덮밥,143,4.31,2.82,25.14,3.07,223,45.54,100g
곤드레나물밥,곤드레나물밥,149,2.94,2.71,28.26,0,26,0,100g
국밥,국밥,52,3.45,1.03,7.33,0.05,288,5.98,100g
국밥_굴,국밥,105,6.52,2.74,13.6,0.05,252,79.75,100g
국밥_돼지고기,국밥,76,5.53,3.22,6.23,0,91,11.88,100g
국밥_소고기,국밥,47,3.11,1.16,6.09,0.4,255,5.98,100g
귀리밥,귀리밥,162,3.9,0.87,34.54,0.09,0,0,100g
김밥_샐러드,김밥,162,3.85,5.41,24.58,1.37,364,33.83,100g
김밥_소고기,김밥,160,6.39,3.85,25.01,0.33,424,37.23,100g
누룽지_뜨거운물첨가,누룽지,69,1.32,0.1,15.06,1.15,13,0,100g
덮밥_송이버섯,덮밥,97,3.04,2.34,15.93,0.38,280,8.03,100g
덮밥_유산슬,덮밥,105,4.9,3.46,13.44,0.08,287,21.98,100g
덮밥_장어,덮밥,179,7.52,5.74,24.34,1.4,230,58.64,100g
덮밥_참치,덮밥,136,5.84,3.35,20.59,0.6,324,23.16,100g
덮밥_해물,덮밥,110,6.01,3.21,14.35,0.17,258,40.89,100g
리소토/리조또_간편조리세트_베이컨버섯크림리조또,리소토/리조또,187,3.11,12.29,15.9,2.09,253,9.86,100g
리소토/리조또_간편조리세트_쉬림프로제리조또,리소토/리조또,176,3.35,9.77,18.57,3.84,299,11.6,100g
묵밥,묵밥,68,1.56,0.81,13.54,1.59,218,4.49,100g
볶음밥_간편조리세트_돼지불백깍둑볶음누룽밥,볶음밥,186,10.82,7.84,17.92,4.16,518,48.58,100g
볶음밥,볶음밥,193,6.92,8.38,22.5,1.79,282,44.31,100g
볶음밥_김치,볶음밥,167,4.18,6.44,23.21,1.63,320,39.86,100g
볶음밥_삼선,볶음밥,172,6.56,6.62,21.44,0.4,303,81.63,100g
볶음밥_해물,볶음밥,176,6.28,6.75,22.61,0.31,269,60.45,100g
비빔밥_간편조리세트_꼬막비빔밥,비빔밥,103,7.33,3.29,11.01,5.31,469,29.47,100g
비빔밥,비빔밥,142,4.47,3.81,22.5,3.04,317,43.96,100g
비빔밥_멍게,비빔밥,137,4.15,3.28,22.68,4.18,286,5.48,100g
비빔밥_약초,비빔밥,128,2.98,3.98,20.05,0.73,243,0,100g
삼각김밥_고추장불고기,삼각김밥,165,3.66,1.58,34.11,0.21,343,3.51,100g
삼각김밥_숯불갈비,삼각김밥,161,4,1.67,32.55,0.16,358,4.04,100g
삼각김밥_참치마요네즈,삼각김밥,172,3.94,3.2,31.95,0.02,282,4.41,100g
새우튀김롤,새우튀김롤,202,4.82,6.06,32.09,3.71,464,18.62,100g
쌀밥,쌀밥,166,3.36,0.32,37.33,0.02,0,0,100g
알밥_간편조리세트_갑오징어알뚝밥,알밥,124,9.82,4.88,10.21,2.63,1032,143.7,100g
연어롤,연어롤,170,6.19,5.13,24.77,2.82,404,20.66,100g
오곡밥,오곡밥,156,4.78,0.52,32.93,0.07,46,0,100g
자장밥,자장밥,148,3.05,4.46,24.01,1.07,312,5.29,100g
잡탕밥,잡탕밥,104,5.88,2.68,13.99,0.06,281,43.98,100g
주먹밥_멸치,주먹밥,208,6,4.4,36.2,0.6,331,28.3,100g
초밥_광어,초밥,151,9.02,1.31,25.85,2.57,270,15.58,100g
초밥_농어,초밥,159,6.97,0.53,31.5,5.2,414,10.6,100g
초밥_모듬,초밥,154,8.47,2.02,25.48,2.88,323,23.62,100g
초밥_문어,초밥,157,5.85,0.3,32.71,5.35,480,28.03,100g
초밥_새우,초밥,130,7.78,1.94,20.41,3.95,451,56.34,100g
초밥_연어,초밥,207,11.2,9.36,19.59,3.62,278,27.84,100g
초밥_유부초밥,초밥,165,4.32,2.51,31.26,2.11,255,0,100g
초밥_장어,초밥,195,6.61,4.33,32.27,5.47,508,41.11,100g
초밥_한치,초밥,150,5.48,0.34,31.17,5.25,480,40.03,100g
충무김밥,충무김밥,146,5.86,1.49,27.29,4.3,324,39.21,100g
캘리포니아롤,캘리포니아롤,163,4.11,3.02,29.74,2.97,432,21.99,100g
콩밥_강낭콩,콩밥,173,4.38,0.39,38.04,0.1,25,0,100g
회덮밥,회덮밥,137,6.04,3.31,20.66,2.19,149,17.73,100g
모듬찰떡,모듬찰떡,233,6.31,4.12,42.59,3.12,203,0,100g
가래떡,가래떡,210,4,1.08,46.11,0.06,250,0,100g
경단_깨,경단,319,4.44,0.54,74.22,26.64,180,0,100g
경단_콩,경단,314,3.51,0.46,74.03,20.55,226,0,100g
기피편,기피편,220,5.45,0.25,48.99,2.08,281,0,100g
모싯잎송편_동부,모싯잎송편,190,5.65,0.66,40.29,3.18,262,0,100g
모싯잎송편_동부(국내산),모싯잎송편,190,5.28,0.65,40.68,1.59,282,0,100g
모싯잎송편_동부(수입산),모싯잎송편,190,6.03,0.67,39.9,3.18,242,0,100g
무지개떡,무지개떡,229,3.53,0.31,53.01,8.99,277,0,100g
백설기,백설기,224,3.78,0.9,50.28,7.79,290,0,100g
백설기_검정콩,백설기,229,5.75,1.46,48.31,2.07,223,0,100g
빙떡(메밀전병),빙떡(메밀전병),168,6.18,6.29,21.62,0.62,346,8.05,100g
송편_깨,송편,224,4.92,2.74,44.96,1.15,232,0,100g
송편_콩,송편,194,5.24,0.75,41.66,1.26,234,0,100g
수수부꾸미,수수부꾸미,248,5.73,6.29,42.1,0.24,261,0,100g
수수팥떡,수수팥떡,204,6.7,0.59,43.03,2.82,242,0,100g
시루떡,시루떡,217,5.47,0.61,47.54,3.22,278,0,100g
시루떡_녹두,시루떡,246,7.74,2.53,48.08,4.05,264,0,100g
쑥떡,쑥떡,249,3.36,0.4,57.89,10.72,254,0,100g
약식,약식,220,4.44,2.32,45.43,10.21,233,0,100g
인절미_콩고물,인절미,231,5.52,1.15,49.69,2.81,337,0,100g
절편,절편,197,3.82,0.8,43.58,0.08,258,0,100g
찰시루떡,찰시루떡,181,6.63,0.41,37.63,1.22,182,0,100g
찹쌀떡,찹쌀떡,277,3.26,0.15,65.61,17.54,226,0,100g
찹쌀떡,찹쌀떡,241,4.7,0.51,54.49,19.9,262,0,100g
찹쌀떡_팥,찹쌀떡,266,4.09,2.14,57.66,24.35,191,0,100g
다식_송화,다식,369,8.3,4.48,73.97,26.65,13,0,100g
다쿠아즈,다쿠아즈,447,8.33,26.65,43.39,38.13,51,39.99,100g
도넛_찹쌀,도넛,296,5.04,5.26,57.07,17.32,347,1.65,100g
마카롱,마카롱,480,6.92,30.11,45.23,41.94,47,26.1,100g
버터크림빵,버터크림빵,383,8.18,18.41,46.23,11.99,319,29.69,100g
샌드위치_닭고기,샌드위치,250,16.28,11.19,20.89,3.64,753,35,100g
샌드위치_생선,샌드위치,257,10.29,12.45,26.69,3.53,602,35,100g
샌드위치_소고기,샌드위치,244,15.17,10.3,22.21,3.84,653,30,100g
샌드위치_소시지,샌드위치,276,10.3,15.57,23.74,3.56,542,31,100g
샌드위치_참치,샌드위치,222,9.32,14.04,14.6,4.04,366,23.14,100g
샌드위치_햄_치즈,샌드위치,284,8.57,15.75,26.95,4.13,488,33.57,100g
샌드위치_햄_치즈_채소,샌드위치,214,8.66,10.38,21.55,4.67,532,23.54,100g
소보로빵,소보로빵,396,9.02,13.25,60.22,16.76,289,33.7,100g
소보로빵_맘모스빵,소보로빵,354,6.77,13.65,51.07,25.73,137,23.19,100g
식빵_통밀식빵,식빵,279,9.33,5.26,48.64,4.49,660,11.48,100g
앙금빵_앙버터빵,앙금빵,372,7,19.72,41.64,16.29,221,31.27,100g
케이크_초콜릿케이크,케이크,420,5.31,24.96,43.6,23.13,170,50.84,100g
케이크_치즈케이크,케이크,329,7.23,20.63,28.64,15.28,201,126.78,100g
크로켓(고로케)_채소,크로켓(고로케),301,7.13,16.38,31.19,3.37,403,41.89,100g
파이/만주_만주,파이/만주,318,7.33,2.34,66.86,32.07,169,22.39,100g
페이스트리,페이스트리,457,8.56,26.28,46.45,8.21,423,24.21,100g
프레즐,프레즐,312,8.37,6.45,55.14,7.94,215,19.78,100g
피자_불고기피자,피자,253,13.7,8.35,30.6,4.6,458,22.85,100g
피자_치즈피자,피자,277,15.7,7.9,35.6,3.4,475,24.02,100g
피자_페퍼로니피자,피자,266,14.7,7.4,35.15,3.75,473,20.87,100g
피자_포테이토피자,피자,251,11.2,10.2,28.64,3.4,400,19.58,100g
핫도그,핫도그,341,7.98,23.23,24.95,3.95,398,12.64,100g
핫도그_감자,핫도그,324,8.31,23.17,20.45,2.3,490,15.66,100g
핫도그_모짜렐라,핫도그,318,11.78,17.83,27.58,2.43,455,18.63,100g
햄버거,햄버거,225,11.04,13.12,15.64,5.18,323,29.58,100g
햄버거_소고기패티_토마토_양상추,햄버거,229,9.55,13.23,18.01,4.78,378,15.02,100g
햄버거_치즈,햄버거,284,15.07,15.35,21.51,4.66,525,38.3,100g
매작과,매작과,413,7.51,13.15,66.11,16.42,99,33.42,100g
산자,산자,366,2.31,3.09,82.17,31.35,23,0,100g
약과,약과,399,4.2,4.75,84.89,16.89,57,0,100g
유과,유과,424,2.81,12.83,74.23,24.15,23,0,100g
간자장,간자장,127,3.44,3.39,20.65,1.87,418,4.42,100g
국수_김치말이국수,국수,50,2.15,0.8,8.67,1.38,354,14.83,100g
국수_막국수,국수,57,2,0.58,10.98,0.94,326,4.32,100g
국수_열무김치,국수,54,1.88,1.28,8.7,2.33,376,1.92,100g
기스면,기스면,61,3.78,1.07,8.98,0.05,276,41.65,100g
냉면_물냉면,냉면,66,1.99,0.63,13.12,2.52,347,9.1,100g
냉면_비빔냉면,냉면,131,3.43,3.61,21.1,3.79,311,12.66,100g
냉면_열무냉면,냉면,66,2.61,0.72,12.19,3.39,394,8.47,100g
떡만두국,떡만두국,89,2.87,1.62,15.82,0.02,283,17.49,100g
라멘_간편조리세트_매운돈코츠라멘,라멘,91,3.82,5.09,7.38,1.17,427,21.5,100g
라멘_돈코츠라멘,라멘,98,4.14,6.42,5.87,0.77,377,20.85,100g
라멘_미소라멘,라멘,89,4.57,2.77,11.36,1.1,388,20.91,100g
라멘_소유라멘,라멘,72,3.65,2.36,9.12,0.84,420,20.67,100g
라멘_시오라멘,라멘,84,4.68,2.13,11.54,0.93,292,23.31,100g
라면_간편조리세트_?c양꿍요괴라면,라면,88,2.41,2.77,13.49,0,491,5.35,100g
라면_국물,라면,19,0.44,0.96,2.08,0,380,0,100g
라면_김치,라면,85,2.12,2.6,13.26,0.18,389,7.02,100g
라면_떡,라면,102,2.1,2.47,17.72,0.06,301,6.08,100g
라면_라면만,라면,84,1.76,2.18,14.44,0.11,306,2.32,100g
라면_면,라면,174,3.89,4.37,29.79,0,278,0,100g
라면_비빔라면,라면,189,3.38,5.67,31.01,1.81,375,0,100g
라면_용기면,라면,103,1.98,3.63,15.65,0.43,402,0,100g
라면_용기면_국물,라면,28,0.61,1.44,3.21,0,423,0,100g
라면_용기면_면,라면,192,3.5,4.95,33.42,0,316,0,100g
라면_용기면_볶음라면,라면,202,4.52,5.39,33.9,3.28,435,0,100g
라면_짜장라면,라면,177,3.66,4.28,31,0.63,306,0,100g
라면_짬뽕라면,라면,92,2.84,3.51,12.27,0.21,333,14.23,100g
라면_치즈,라면,99,2.8,3.83,13.33,0.15,352,17.28,100g
만두_고기만두,만두,208,9.38,6.58,27.79,0.49,261,7.35,100g
만두_김치만두,만두,187,8.13,6.59,23.82,0.67,423,7.68,100g
만두국,만두국,62,3.06,2.49,6.83,0.44,338,13.5,100g
메밀소바_간편조리세트_부타이 마제소바,메밀소바,146,5.68,4.22,21.44,3.06,310,29.47,100g
밀면_물밀면,밀면,71,2.46,0.5,14.19,3.68,303,7.37,100g
볶음면_간편조리세트_소고기 야끼소바,볶음면,190,6.55,12.1,13.81,3.86,367,15.33,100g
분짜,분짜,136,5.91,3.66,19.75,5.47,398,17.97,100g
비빔국수,비빔국수,113,3.2,1.86,20.94,4.31,333,7.04,100g
비빔면_간편조리세트_매콤제육비빔면,비빔면,153,5.7,5.48,20.17,4.33,373,7.97,100g
수제비_간편조리세트_들깨버섯 수제비,수제비,83,2.88,1.34,14.83,0.83,415,0,100g
수제비_간편조리세트_우삼겹 짬뽕 수제비,수제비,110,3.62,4.58,13.51,1.94,397,7.21,100g
수제비_간편조리세트_해물 백짬뽕 수제비,수제비,79,3.63,2.4,10.76,1.14,407,18.51,100g
스파게티_간편조리세트_감바스알리오올리오,스파게티,171,4.78,7.44,21.33,1.08,229,13.1,100g
스파게티_간편조리세트_바질크림 빠네 파스타,스파게티,215,5.4,9.37,27.31,2.62,395,3.6,100g
스파게티_간편조리세트_베이컨까르보나라,스파게티,159,4.02,7.78,18.29,2.63,205,9.26,100g
스파게티_간편조리세트_볼로네제라구파스타,스파게티,179,8.1,8.75,16.93,3.51,332,14.72,100g
스파게티_간편조리세트_쉬림프 로제파스타,스파게티,144,4.24,7.58,14.76,3.53,237,11.8,100g
스파게티_간편조리세트_쉬림프 로제파스타,스파게티,172,4.93,8.15,19.7,3.88,300,9.15,100g
스파게티_간편조리세트_쉬림프 크림파스타,스파게티,226,4.81,17.21,13.06,1.98,226,16.35,100g
스파게티_간편조리세트_알리오올리오파스타,스파게티,313,6.47,20.07,26.72,1.32,366,0,100g
스파게티_간편조리세트_에그인헬파스타,스파게티,128,5.28,5.12,15.16,3.68,307,40.24,100g
스파게티_간편조리세트_오마이갓파스타,스파게티,161,5.86,7.14,18.43,6.52,365,11.55,100g
스파게티_간편조리세트_톡톡크림 빠네 파스타,스파게티,233,6.05,17.24,13.4,2.74,364,8,100g
스파게티_간편조리세트_트러플 크림 파스타,스파게티,152,4.31,7.42,16.93,1.55,231,7.85,100g
스파게티_간편조리세트_할라피뇨베이컨파스타,스파게티,200,4.62,11.59,19.29,1.8,475,9.2,100g
스파게티_간편조리세트_핫매콤크림파스타,스파게티,179,5.07,7.7,22.24,4.19,346,5.23,100g
스파게티_간편조리세트_해장파스타,스파게티,98,4.07,2.08,15.82,2.38,393,16.68,100g
스파게티_까르보나라소스,스파게티,235,5.71,14.82,19.63,2.04,241,28.06,100g
스파게티_로제소스,스파게티,171,5.21,8.99,17.34,3.33,244,26.26,100g
스파게티_오일소스,스파게티,162,4.89,5.86,22.35,0.35,281,7.91,100g
스파게티_크림소스,스파게티,209,5.45,12.65,18.44,2.29,258,31.64,100g
스파게티_토마토소스,스파게티,129,4.87,3.83,18.64,3.12,302,9.83,100g
스파게티_해물_크림소스,스파게티,184,6.08,9.96,17.39,1.67,265,42.18,100g
스파게티_해물_토마토소스,스파게티,117,5.59,2.75,17.45,2.7,307,31.93,100g
쌀국수,쌀국수,53,2.6,0.7,9.18,0.72,275,5.6,100g
올갱이국수,올갱이국수,38,0.75,0.55,7.44,1.24,258,0,100g
우동_간편조리세트_쫄우동,우동,99,2.62,2.89,15.66,1.37,665,0,100g
우동_김치,우동,63,1.94,0.58,12.39,0.27,359,1.77,100g
우동_삼선,우동,69,4.79,0.85,10.59,0.08,272,62.09,100g
우동_일식,우동,60,1.91,1.13,10.6,0.35,341,3.71,100g
우동_중식,우동,65,2.95,2.1,8.54,0.11,340,20.84,100g
울면,울면,73,3.75,0.74,12.82,0.05,280,44.58,100g
월남쌈_간편조리세트_불고기월남쌈,월남쌈,150,7.22,5.81,17.1,7.71,254,17.07,100g
월남쌈_간편조리세트_소고기야채말이,월남쌈,116,10.47,5.34,6.61,5.46,369,27.21,100g
깨죽,깨죽,64,1.71,1.99,9.91,0.45,145,0,100g
월남쌈_간편조리세트_훈제오리월남쌈,월남쌈,111,5.16,3.22,15.37,7.49,212,25.87,100g
자장면,자장면,123,3.04,3.13,20.56,1.2,368,1.65,100g
자장면_삼선,자장면,115,4.81,2.59,18.08,1.45,375,23.79,100g
짬뽕_간편조리세트_나가사키 짬뽕탕,짬뽕,62,2.82,1.62,8.96,0.9,341,12.79,100g
짬뽕_간편조리세트_통오징어짬뽕탕,짬뽕,56,4.15,2.77,3.62,1.16,396,46.1,100g
짬뽕_굴,짬뽕,76,3.65,1.07,12.85,0.19,296,18.15,100g
짬뽕_백짬뽕,짬뽕,63,3.66,1.54,8.54,0.21,280,13.35,100g
짬뽕_삼선,짬뽕,74,4.4,1.2,11.3,0.12,299,34.72,100g
짬뽕_차돌박이,짬뽕,88,4.58,3.42,9.82,0.69,342,17.83,100g
칼국수_간편조리세트_닭한마리와 칼국수,칼국수,94,7.95,2.28,10.53,1.83,334,25.69,100g
칼국수_간편조리세트_세숫대야 바지락칼국수,칼국수,74,2.28,2.87,9.72,0.85,300,0,100g
칼국수_간편조리세트_원주식장칼국수,칼국수,78,2.71,0.66,15.27,1.9,296,9.54,100g
칼국수_간편조리세트_장칼국수,칼국수,80,2.51,1.12,15.06,1.89,433,0,100g
칼국수_닭고기,칼국수,74,4.69,1.42,10.52,0.59,236,10.63,100g
칼국수_들깨,칼국수,76,2.93,2.75,9.97,0.23,199,0.56,100g
칼국수_해물,칼국수,70,2.53,0.51,13.77,0.42,262,2.97,100g
콩국수,콩국수,100,4.61,3.83,11.69,0.76,97,2.7,100g
탄탄면_간편조리세트_마라 탄탄면,탄탄면,174,5.73,7.4,21,3.1,339,6.52,100g
팟타이_간편조리세트_비프 팟타이,팟타이,231,7.04,12.58,22.5,9.13,443,4.68,100g
팟타이,팟타이,146,3.98,6.2,18.54,5.41,270,39.68,100g
게살죽,게살죽,71,2.24,0.89,13.42,0.02,182,6.27,100g
미음_칠분도미,미음,20,0.3,0.1,4.6,0,0,0,100g
미음_현미,미음,19,0.4,0.1,4.4,0.1,0,0,100g
백합죽,백합죽,65,2.36,0.8,12.1,0,142,4.59,100g
소고기버섯죽,소고기버섯죽,72,2.34,0.93,13.63,0.03,158,3.26,100g
스프_감자,스프,98,1.91,6.54,7.91,3.6,196,11.3,100g
스프_소고기,스프,40,1.06,0.87,6.91,2.72,312,1.24,100g
스프_양송이버섯,스프,42,0.78,1.11,7.23,2.36,253,0.67,100g
스프_크림,스프,45,0.64,1.59,7.03,1.27,251,4.09,100g
스프_옥수수,스프,46,0.83,1.48,7.33,2.64,229,1.26,100g
쌀죽(흰죽),쌀죽(흰죽),53,0.99,0.15,11.45,0,0,0,100g
쌀죽(흰죽),쌀죽(흰죽),52,1.33,0.15,11.43,0,29,0,100g
쌀죽(흰죽)_삼광,쌀죽(흰죽),53,0.89,0.1,11.51,0,0,0,100g
쌀죽(흰죽)_새일미,쌀죽(흰죽),55,1.09,0.17,11.72,0,0,0,100g
쌀죽(흰죽)_신동진,쌀죽(흰죽),53,0.96,0.15,11.42,0,0,0,100g
쌀죽(흰죽)_오대,쌀죽(흰죽),52,1.02,0.18,11.16,0,0,0,100g
쌀죽(흰죽)_칠분도미,쌀죽(흰죽),68,1.1,0.2,15.6,0.1,0,0,100g
어죽,어죽,69,2.55,0.94,12.6,1.23,263,4.43,100g
율무죽,율무죽,77,3.26,0.98,13.75,0.1,1,0,100g
잣죽,잣죽,125,2.74,2.8,22.18,0.34,126,0,100g
참치죽,참치죽,82,3.02,2.01,13.07,0.17,168,5,100g
채소죽,채소죽,70,1.15,1.39,13.3,0.4,143,0,100g
현미죽,현미죽,64,1.2,0.4,15.2,0.4,1,0,100g
감자국,감자국,32,1.19,0.79,4.94,0.74,245,0.78,100g
게국지,게국지,38,4.08,1.1,2.88,0.98,368,35.29,100g
곰치국,곰치국,42,5.43,1.18,2.39,0.28,380,47.65,100g
곰탕,곰탕,61,6.47,1.23,6.03,0.17,239,16.8,100g
김치국,김치국,20,1.2,0.62,2.33,0.64,365,0,100g
낙지탕,낙지탕,31,4.9,0.53,1.73,0.32,284,48.74,100g
달걀국,달걀국,39,3.25,2.38,1.12,0.52,341,87.82,100g
된장국_감자,된장국,40,1.63,1.04,6.11,1.05,332,0.26,100g
된장국_무,된장국,23,1.36,0.53,3.27,1.31,387,0,100g
된장국_시금치,된장국,21,1.69,0.84,1.54,0.64,351,0.88,100g
된장국_시래기,된장국,22,1.49,0.69,2.44,0.29,339,0,100g
된장국_우렁,된장국,49,4.92,1.54,3.84,0.72,427,21.08,100g
매생이국,매생이국,24,2,0.56,2.68,0.08,284,1.32,100g
무국_소고기,무국,31,3.55,1,1.95,0.88,267,9.61,100g
묵말이_도토리묵,묵말이,36,0.52,0.65,6.9,0.48,247,0,100g
미소된장국,미소된장국,25,1.87,1.2,1.87,0.47,345,0,100g
미역국_굴,미역국,17,1.43,0.64,1.37,0,298,6.03,100g
미역국_바지락,미역국,9,0.89,0.22,0.95,0,318,2.53,100g
미역국_북어,미역국,19,2.46,0.56,1.04,0,295,9.29,100g
미역국_참치,미역국,19,2.62,0.57,0.9,0,309,4.6,100g
미역국_홍합,미역국,26,3.03,0.72,1.78,0,314,8.98,100g
새우탕_간편조리세트_전복민물새우탕,새우탕,56,2.85,0.45,10.07,0.91,254,12.68,100g
소탕,소탕,58,5.1,3.57,1.27,0.02,236,0,100g
순대국,순대국,68,5.44,4.13,2.16,0,188,30.75,100g
아구탕,아구탕,41,6.3,0.82,2.13,0.3,311,53.16,100g
어묵국(어묵탕)_간편조리세트_프리미엄 이자카야어묵탕,어묵국(어묵탕),69,3.48,1.26,11.01,3.02,406,5.84,100g
어탕,어탕,57,8.47,2.06,1.21,0,323,35.04,100g
연포탕,연포탕,54,9.49,0.9,2.02,0.02,234,105.75,100g
오이냉국,오이냉국,19,0.5,0.09,3.92,3.48,328,0.17,100g
올갱이국,올갱이국,24,2.28,0.7,2.17,0.27,336,14.23,100g
전복탕,전복탕,33,4.47,0.5,2.63,0.22,296,48.56,100g
조개국_바지락,조개국,29,4,0.56,1.84,0.24,290,16.25,100g
지리탕_대구,지리탕,44,6.93,1.03,1.65,0.25,246,47.18,100g
지리탕_복,지리탕,39,6.95,0.45,1.72,0.23,225,34.96,100g
초당순두부,초당순두부,58,5.46,3.24,1.76,0.1,134,0,100g
해장국_뼈다귀,해장국,71,7.46,3.57,2.34,0.57,309,32.17,100g
해장국_선지,해장국,31,4.93,0.54,1.67,0.39,307,23.05,100g
해장국_우거지,해장국,26,1.98,0.98,2.25,0.42,342,3.73,100g
홍합탕_홍합만,홍합탕,29,3.68,0.57,2.28,0,303,25.13,100g
황태해장국,황태해장국,30,4.08,1.13,0.95,0.25,256,25.05,100g
무국물,무국물,3,0.16,0,0.55,0.36,2,0,100g
고등어찌개,고등어찌개,100,8.15,5.62,4.27,1.23,431,26.01,100g
곱창전골_간편조리세트_대한곱창 곱창전골,곱창전골,140,5.79,9.11,8.65,1.08,320,38.93,100g
곱창전골_간편조리세트_소곱창순대전골,곱창전골,75,3.95,2.82,8.36,1.98,334,37.73,100g
곱창전골_소고기,곱창전골,88,6.93,4.55,4.87,0.38,297,75.53,100g
김치찌개,김치찌개,61,3.77,3.75,2.98,0.76,491,6.29,100g
김치찌개_김치만,김치찌개,46,1.55,3.09,2.95,1.3,507,0.18,100g
김치찌개_햄,김치찌개,63,3.7,3.47,4.23,1.2,528,9.71,100g
꽁치찌개,꽁치찌개,118,8,7.77,4.07,1.97,432,21.11,100g
꽃게탕_간편조리세트_3마리꽃게탕,꽃게탕,26,2.58,0.62,2.47,1.14,384,7.75,100g
나베_간편조리세트_통등심가스나베,나베,170,5.41,9.52,15.71,3.53,413,39.77,100g
낙지전골_간편조리세트_낙곱새,낙지전골,88,5.47,1.64,12.88,3.19,725,35.54,100g
돼지고기찌개_간편조리세트_돼지고기 짜글이,돼지고기찌개,108,10.46,4.64,6.04,4.68,505,27.12,100g
돼지고기찌개_간편조리세트_돼지고기고추장찌개,돼지고기찌개,49,4.32,1.13,5.28,2.57,461,6.01,100g
된장찌개_간편조리세트_고깃집 된장찌개,된장찌개,110,7.71,6.33,5.44,1.73,381,5.22,100g
된장찌개_간편조리세트_구수한 버섯된장찌개,된장찌개,26,1.79,0.4,3.88,2.16,295,0,100g
된장찌개_우렁_강된장,된장찌개,136,7.28,4.74,16.09,8.82,1547,15.23,100g
두부전골,두부전골,63,5.12,3.22,3.42,0.7,330,1.77,100g
두부찌개_새우젓,두부찌개,55,5.4,2.7,2.4,0.57,374,3.57,100g
마라탕_간편조리세트_마라탕,마라탕,88,4.64,5.15,5.72,1.92,425,7.02,100g
마라탕,마라탕,66,3.91,3.27,5.1,0.26,358,4.99,100g
만두전골_간편조리세트_얼큰왕만두전골,만두전골,75,2.67,2.07,11.35,1.58,388,0.78,100g
만두전골,만두전골,57,3.61,2.23,5.55,0.7,250,5.84,100g
매운탕_광어,매운탕,70,9.74,2.77,1.52,0.24,300,62.51,100g
매운탕_대구,매운탕,60,9.56,1.2,2.81,0.18,331,86.12,100g
매운탕_메기,매운탕,67,4.77,1.7,8.1,0.95,310,22.89,100g
매운탕_서더리,매운탕,30,4.02,1.27,0.63,0,189,16.03,100g
매운탕_아귀,매운탕,43,6.85,0.71,2.32,0.52,345,42.62,100g
매운탕_우럭,매운탕,68,8.69,2.84,1.87,0.18,296,60.46,100g
매운탕_조기,매운탕,64,5.85,3.23,2.88,0.72,379,45.7,100g
매운탕_짱뚱어,매운탕,31,1.92,1.42,2.77,0.4,342,3.7,100g
밀푀유나베_간편조리세트_매콤 밀푀유나베,밀푀유나베,55,4.13,3.11,2.52,1.5,397,7.99,100g
밀푀유나베_간편조리세트_밀푀유나베,밀푀유나베,36,3.45,1.64,1.8,1.36,252,5.38,100g
밀푀유나베_간편조리세트_밀푀유나베,밀푀유나베,41,3.66,1.17,3.83,2,246,7.25,100g
밀푀유나베_간편조리세트_밀푀유나베,밀푀유나베,47,3.53,1.02,5.94,2.63,325,6.95,100g
버섯전골_간편조리세트_남도식 들깨 버섯전골,버섯전골,40,2.14,1.5,4.54,0.95,276,0,100g
버섯찌개,버섯찌개,42,3.68,1.3,3.85,1.1,323,4.14,100g
부대찌개_간편조리세트_오뎅식당 부대찌개,부대찌개,145,6.27,10.31,6.77,1.26,518,16.4,100g
부대찌개_간편조리세트_의정부식부대찌개,부대찌개,106,3.36,5.55,10.7,1.26,378,6.75,100g
부대찌개_간편조리세트_햄듬뿍부대찌개,부대찌개,94,4.87,4.46,8.62,1.57,463,8.08,100g
부대찌개,부대찌개,67,3.07,3.1,6.62,1.03,387,8.76,100g
불고기전골_간편조리세트_서울식 소불고기전골,불고기전골,104,5.96,4.34,10.38,5.3,296,19.49,100g
불고기전골_간편조리세트_서울식 육수불고기,불고기전골,96,6.73,2.06,12.54,4.05,250,18.14,100g
불고기전골_간편조리세트_서울식불고기전골,불고기전골,41,3.74,0.7,4.91,1.95,251,5.62,100g
불고기전골_간편조리세트_서울식불고기전골,불고기전골,114,6.5,5.37,9.83,5.37,300,18.91,100g
불낙전골_간편조리세트_이게불낙이야,불낙전골,63,6.6,1.75,5.32,0.53,423,22.83,100g
샤브샤브_간편조리세트_소고기 샤브샤브,샤브샤브,34,2.71,1.26,2.99,2.36,239,5.6,100g
샤브샤브_간편조리세트_소고기스키야키,샤브샤브,76,6.23,1.78,8.65,3.67,414,12.9,100g
샤브샤브_간편조리세트_일호식 스키야키,샤브샤브,51,3.36,2.6,3.64,2.38,315,31.69,100g
샤브샤브_소고기,샤브샤브,44,4.85,1.63,2.45,0.4,187,12.67,100g
소고기전골_간편조리세트_어복쟁반,소고기전골,37,3.39,1.96,1.41,0.42,232,5.6,100g
소고기전골_간편조리세트_파빌리온 얼큰 소고기 전골,소고기전골,73,4.4,4.94,2.69,0.66,364,10.68,100g
소고기전골_간편조리세트_평양식 어복쟁반,소고기전골,76,7.02,2.94,5.35,0.61,217,40.65,100g
순두부찌개_간편조리세트_강릉식 짬뽕 순두부,순두부찌개,42,3.78,1.74,2.78,1.04,375,20.54,100g
순두부찌개_간편조리세트_우삼겹 순두부찌개,순두부찌개,43,3.54,2.09,2.44,1.2,296,2.94,100g
순두부찌개_간편조리세트_우삼겹 순두부찌개,순두부찌개,47,3.75,2.16,3.08,2.51,264,3.19,100g
순두부찌개_간편조리세트_짬뽕순두부찌개,순두부찌개,51,3.82,2.52,3.2,0.7,422,13.16,100g
순두부찌개_간편조리세트_해물짬뽕순두부,순두부찌개,53,3.31,2.81,3.53,1.27,339,18.72,100g
청국장찌개_간편조리세트_영월식 청국장,청국장찌개,74,6.09,3.13,5.38,1.4,382,0,100g
청국장찌개_간편조리세트_우삼겹 청국장찌개,청국장찌개,80,5.58,4.88,3.32,0.88,273,4.73,100g
청국장찌개_두부_채소,청국장찌개,79,6.32,4.63,2.94,1.95,447,0,100g
추어탕,추어탕,32,2.27,1.32,2.68,0,264,9.03,100g
해물탕_간편조리세트_바다를 품은 해물탕,해물탕,33,4.11,0.96,2.02,0.86,402,53.93,100g
해물탕,해물탕,45,6.63,0.78,2.77,0.13,341,78.25,100g
해신탕,해신탕,57,7.93,1.88,2.03,0.41,266,51.03,100g
호박찌개,호박찌개,32,1.87,0.87,4.07,1.93,341,3.09,100g
훠궈_소고기,훠궈,93,4.81,5.11,6.83,1.13,390,9.65,100g
갈비찜_고춧가루,갈비찜,172,20.43,6.57,7.9,3.57,380,54.43,100g
갈비찜_소고기,갈비찜,198,19.94,10.78,5.26,1.73,301,56.59,100g
김치찜_간편조리세트_돼지고기 김치찜,김치찜,97,10.14,3.67,5.75,2.84,412,29.23,100g
김치찜_간편조리세트_돼지고기 묵은지찜,김치찜,52,4.9,2.26,2.99,0.71,488,15.79,100g
깻잎찜,깻잎찜,112,3.96,4.6,13.6,6.5,839,5.4,100g
꼬막무침,꼬막무침,107,8.34,4.72,7.69,4.28,516,29.88,100g
꼬막찜_참꼬막,꼬막찜,113,15.59,3.13,5.74,0,293,81.29,100g
달걀찜_달걀만,달걀찜,108,9.01,7.5,1.03,0.81,375,81.09,100g
달걀찜_채소,달걀찜,89,4.76,5.77,4.46,0,329,80.17,100g
닭찜_간편조리세트_안동식 찜닭,닭찜,136,7.22,3.32,19.38,6.23,263,30.09,100g
닭찜_안동찜닭,닭찜,91,7.61,2.59,9.3,4.45,364,30.03,100g
대구찜,대구찜,75,10.34,1.58,4.94,1.14,380,52.66,100g
동태찜,동태찜,79,10.18,1.94,5.16,1.14,397,56.84,100g
동파육,동파육,191,8.99,15.41,4.15,0.74,299,31.6,100g
돼지갈비찜_간편조리세트_국내산순살돼지갈비찜,돼지갈비찜,120,10.12,4.91,8.8,6.11,414,28.34,100g
돼지고기_간,돼지고기,164,29.36,4.44,1.56,0.2,62,386.25,100g
돼지고기_머리고기,돼지고기,325,21.2,26,1.75,0.05,167,85.55,100g
돼지고기_허파,돼지고기,91,17.27,2.41,0.02,0,85,398.97,100g
돼지등갈비찜,돼지등갈비찜,214,16.02,10.93,12.76,5.36,532,44.35,100g
북어찜,북어찜,157,18.73,3.8,12,4.27,601,102.07,100g
붕어찜,붕어찜,76,4.94,3.35,6.51,1.47,359,16.93,100g
순대,순대,181,6.52,8.55,19.45,1.17,340,6.41,100g
아귀찜_간편조리세트_쫀득쫀득아귀찜,아귀찜,77,6.68,2.79,6.37,1.67,261,46.6,100g
아귀찜,아귀찜,78,12.08,1.33,4.37,0.17,352,97.28,100g
오징어순대,오징어순대,133,13.06,1.6,16.66,0.11,360,147.84,100g
조기찜,조기찜,182,20.06,10.59,1.64,0,602,138.43,100g
족발,족발,220,28.91,11.65,0,0.28,332,92.54,100g
해물찜_간편조리세트_낙지한마리해물찜,해물찜,88,6.63,3.53,7.52,6.3,491,31.97,100g
해물찜_간편조리세트_백합&바지락통찜,해물찜,49,3.31,0.95,6.85,2.14,329,11.15,100g
해물찜,해물찜,80,8.52,1.96,7.08,1.1,427,83.83,100g
가자미구이,가자미구이,151,22.61,6.42,0.76,0.58,489,122.47,100g
갈매기살구이_돼지고기,갈매기살구이,312,26.98,22.6,0.28,0,124,96.84,100g
갈비구이_돼지고기,갈비구이,294,19.58,21.39,5.78,5.7,389,59.95,100g
갈비구이_소고기,갈비구이,309,20.94,21.81,7.13,6.69,447,65.47,100g
갈비구이_소고기_양념,갈비구이,330,20.03,23.87,8.73,4.63,459,62.21,100g
갈비구이_왕갈비_양념,갈비구이,321,18.07,23.53,9.13,4.53,366,39.01,100g
갈치구이_기름,갈치구이,209,22.12,13.04,0.83,0,395,79.12,100g
꼬치구이_닭고기,꼬치구이,252,16.52,12.24,19.07,4.5,410,44.92,100g
꿩불고기,꿩불고기,74,6.7,1.7,7.94,3.38,253,21.24,100g
닭튀김(치킨)_양념,닭튀김(치킨),276,17.75,13.4,21.15,6.25,403,68.9,100g
대창구이_소고기,대창구이,595,9.11,60.25,4.05,1.13,126,51.05,100g
더덕구이,더덕구이,184,3.1,5.2,31.1,11.6,743,0.12,100g
돼지갈비구이_간장,돼지갈비구이,240,19.5,14.4,8.1,4.5,405,49.34,100g
돼지껍데기구이,돼지껍데기구이,348,23.74,26.64,3.37,3.42,475,35.76,100g
돼지불고기_간편조리세트_기사식당 돼지불고기,돼지불고기,155,10.25,9.08,8.08,5.52,293,32.54,100g
돼지불고기_간편조리세트_대파고추장불고기,돼지불고기,165,11.79,7.66,12.17,9.87,368,30.96,100g
돼지불고기_간편조리세트_매콤 콩나물불고기,돼지불고기,191,10.62,10.31,13.82,4.71,410,26.6,100g
돼지불고기_삼겹살_오징어,돼지불고기,182,12.8,9.95,10.25,3.8,443,92.23,100g
막창구이_소고기,막창구이,358,15.34,32.73,0.4,1.36,162,109.41,100g
소불고기,소불고기,186,10.33,13.1,6.73,3.34,468,47.63,100g
스테이크_간편조리세트_그레이프 소스 스테이크,스테이크,153,11.09,8.36,8.47,4.52,145,33.88,100g
스테이크_간편조리세트_뉴욕스테이크&크림뇨끼,스테이크,176,8.71,8.79,15.39,1.86,218,18.17,100g
스테이크_간편조리세트_부채살 찹스테이크,스테이크,176,11.08,12.04,5.94,4.16,244,28.87,100g
스테이크_간편조리세트_블랙라벨 스테이크 부채살,스테이크,155,13.1,8.86,5.73,3.38,269,35.5,100g
스테이크_간편조리세트_비프찹스테이크,스테이크,147,7.76,9.66,7.22,5.81,349,24.99,100g
스테이크_간편조리세트_시그니처 스테이크 부채살,스테이크,140,11.42,7.12,7.52,6,265,40.7,100g
스테이크_간편조리세트_시그니처찹스테이크,스테이크,130,10.5,6.21,7.92,6.4,374,27.76,100g
스테이크_간편조리세트_파빌리온 양갈비 스테이크,스테이크,151,9.46,6.8,13.07,6.47,350,30.17,100g
스테이크_간편조리세트_프라임스테이크 부채살,스테이크,186,10.77,13.41,5.63,2.21,92,30.93,100g
연어구이,연어구이,234,24.78,14.94,0.2,0.55,158,44.98,100g
오겹살구이_돼지고기,오겹살구이,408,20.18,35.14,2.72,0.72,76,45.6,100g
임연수구이,임연수구이,198,21.52,11.76,1.4,0,628,85.04,100g
장어구이_붕장어_소금,장어구이,297,26,16.2,11.6,0.4,125,167.07,100g
장어구이_양념,장어구이,289,20.51,20.37,5.87,2.79,470,143.49,100g
차돌박이구이_소고기,차돌박이구이,488,17.94,45.69,1.31,0.33,93,47.28,100g
콘치즈구이,콘치즈구이,224,9.51,12.85,17.56,7.31,313,22.06,100g
함박스테이크_간편조리세트_더블체다 함박스테이크,함박스테이크,189,9.9,10.46,13.88,4.64,344,25.8,100g
함박스테이크,함박스테이크,229,13.48,14.82,10.38,2.67,475,35.14,100g
황태구이,황태구이,219,23.9,7.7,13.45,7.1,568,105.79,100g
훈제오리,훈제오리,319,17.22,25.63,4.83,0.11,488,68.4,100g
훈제오리,훈제오리,259,26.85,15.16,3.86,0.41,888,138.04,100g
고추전,고추전,183,8.61,11.48,11.34,1.45,241,52.54,100g
굴전,굴전,195,10.6,10.5,14.5,1.3,326,96.88,100g
깻잎전,깻잎전,241,11.82,17.18,9.7,0.71,320,87.86,100g
꼬치구치_낙지,꼬치구치,94,16.43,1.59,3.53,0,259,167.18,100g
녹두빈대떡,녹두빈대떡,208,7.94,10.27,20.93,0.1,232,12.48,100g
달걀말이_달걀만,달걀말이,210,13.3,15.31,4.83,0.4,328,109.87,100g
달걀말이_채소,달걀말이,183,11.15,13.31,4.62,1.29,297,96.85,100g
동태전,동태전,195,16.48,11.63,6.11,0.26,318,136.73,100g
두부부침,두부부침,144,12.13,9.4,2.69,0.33,132,4.35,100g
두부전,두부전,170,13.64,10.58,5,0.02,211,2.19,100g
미나리전,미나리전,151,3.49,5.08,22.82,1.16,166,7.92,100g
배추전,배추전,160,3.44,5.78,23.68,3.35,218,4.82,100g
버섯전,버섯전,160,7.02,9.91,10.8,1.83,209,66.73,100g
새우전,새우전,188,9.99,11.33,11.57,1.87,349,131.08,100g
생선전_가자미,생선전,154,17.17,7.38,4.61,0.2,546,117.51,100g
생선전_동태,생선전,179,15.09,10.03,7.02,0.15,468,119.17,100g
소고기산적,소고기산적,227,24.2,12.78,3.67,0,696,67.42,100g
소라산적,소라산적,150,22.4,3.14,8.06,1.06,496,125.43,100g
스크램블드에그,스크램블드에그,149,9.99,10.98,1.61,1.39,145,277,100g
오징어산적,오징어산적,127,21.72,2.47,4.5,1.14,596,292.81,100g
완자전_소고기(동그랑땡/육원전),완자전,206,13.08,13.33,8.45,0.65,369,68.84,100g
채소전,채소전,194,5.4,9.5,21.6,2.4,322,43.15,100g
파전,파전,195,4.56,9.35,23.2,0.52,231,30.76,100g
해물파전_간편조리세트_모둠해물파전,해물파전,205,6.81,12.09,17.29,2.02,295,40.31,100g
햄부침,햄부침,244,11.3,17.1,11.3,1,716,72.11,100g
호박전,호박전,139,4.32,8.73,10.73,1.9,185,61.68,100g
홍합산적,홍합산적,196,22.23,6,13.22,4.17,900,75.89,100g
화양적,화양적,182,9.05,9.85,14.23,0.81,531,82.17,100g
감바스_간편조리세트_감바스 알 아히요,감바스,224,11.48,11.38,19,1.46,822,35.59,100g
감바스_간편조리세트_감바스 알 아히요,감바스,303,6.54,22.52,18.56,1.42,346,14.84,100g
감바스_간편조리세트_감바스 알 아히요,감바스,384,8.41,32.85,13.79,1.82,497,27.34,100g
감자볶음_감자만,감자볶음,134,1.9,6.86,16.18,1.44,353,1.55,100g
고추잡채_간편조리세트_고추잡채 꽃빵키트,고추잡채,168,6.76,5.62,22.5,4.77,199,9.81,100g
곱창볶음_돼지껍데기,곱창볶음,235,17.2,11.13,16.33,3.67,520,31.83,100g
김치볶음_김치만,김치볶음,132,2.63,10.35,7.17,2.99,782,5.81,100g
난자완스,난자완스,173,10.81,10.17,9.57,0.25,352,38.38,100g
느타리버섯볶음,느타리버섯볶음,87,3.61,4.66,7.69,3.24,453,1.17,100g
닭모래집볶음,닭모래집볶음,176,28.11,5.8,2.82,2.73,364,363.87,100g
닭볶음(닭갈비)_간편조리세트_모짜렐라 치즈 닭갈비,닭볶음(닭갈비),150,11.59,5.41,13.82,6.51,473,41.43,100g
닭볶음(닭갈비)_간편조리세트_치즈 품은 닭갈비,닭볶음(닭갈비),160,9.5,5.62,17.96,4.45,462,28.6,100g
닭볶음(닭갈비)_간편조리세트_치즈이불 닭갈비,닭볶음(닭갈비),162,11.4,6.48,14.49,6.07,414,41.95,100g
닭볶음(닭갈비),닭볶음(닭갈비),149,11.48,6.45,11.23,5.3,384,48.35,100g
돼지고기볶음_간편조리세트_돼지고기 숙주 볶음,돼지고기볶음,145,7.46,8.78,9.05,5.96,350,21.96,100g
돼지고기볶음,돼지고기볶음,175,11.48,10.33,9.11,4.1,526,28.94,100g
두부김치,두부김치,115,7.79,6.85,5.63,0.59,396,5.57,100g
떡볶이_간편조리세트_달콤짭짤 궁중식 떡볶이,떡볶이,167,5.27,5.54,24,4.75,366,8.17,100g
떡볶이_간편조리세트_떡볶이 보통맛,떡볶이,161,3.9,4.36,26.45,7,404,1.57,100g
떡볶이_간편조리세트_소불고기궁중떡볶이,떡볶이,118,5.46,1.7,20.2,5.63,310,8.12,100g
떡볶이_간편조리세트_호로록 로제 떡볶이,떡볶이,184,4.37,5.1,30.25,4.12,498,60.13,100g
떡볶이_치즈,떡볶이,164,5.54,2.69,29.31,5.76,397,20.66,100g
마파두부_간편조리세트_백리향 마파두부,마파두부,129,7.42,9,4.62,2.02,366,4.92,100g
머위나물볶음,머위나물볶음,72,2.33,4.67,5.07,1.2,479,0,100g
멸치볶음_풋고추,멸치볶음,262,23.25,11.2,17.03,7.15,1378,183.02,100g
미역줄기볶음,미역줄기볶음,89,1.03,7.84,3.65,1.12,857,0,100g
버섯볶음_양송이버섯,버섯볶음,91,3,5.53,7.33,0.8,343,0,100g
버섯볶음_표고버섯,버섯볶음,95,3,4.47,10.53,1.73,383,0,100g
소고기볶음_간편조리세트_차돌박이숙주볶음,소고기볶음,193,7.3,15.35,6.38,0.98,297,26.6,100g
소시지볶음,소시지볶음,236,9.4,14.95,15.9,4.45,718,30.13,100g
순대볶음_간편조리세트_매콤 깻잎 순대볶음,순대볶음,166,2.89,7.12,22.51,3.71,573,19.8,100g
순대볶음_간편조리세트_신림동 백순대볶음,순대볶음,210,4.56,11.98,21.08,2.89,368,24.24,100g
순대볶음_간편조리세트_신림동 백순대볶음,순대볶음,150,2.9,4.99,23.43,2.86,575,21.55,100g
순대볶음,순대볶음,146,5.18,5.33,19.18,1.35,375,35.43,100g
순대볶음_백순대,순대볶음,196,3.62,10.23,22.45,1.69,443,14.32,100g
오징어볶음,오징어볶음,120,10.28,4.38,9.84,4.55,403,134.92,100g
오징어채볶음,오징어채볶음,275,22.04,7.57,29.77,20.03,975,183.61,100g
잔멸치볶음,잔멸치볶음,330,34.97,8.97,27.43,14.89,2096,85.11,100g
잡채_간편조리세트_소고기 버섯 잡채,잡채,105,2.18,1.8,19.97,6.44,346,4.73,100g
잡채_간편조리세트_소고기 버섯 잡채,잡채,153,2.74,5.9,22.13,2,244,8.63,100g
잡채_고추,잡채,128,5.5,6.01,13.09,1.05,414,19.63,100g
주꾸미볶음,주꾸미볶음,106,9.16,2.6,11.41,2.53,459,100.38,100g
주꾸미삼겹살,주꾸미삼겹살,161,10.11,8.66,10.66,5.41,280,70.76,100g
해물볶음,해물볶음,105,9.55,3.83,8.05,1.85,439,82.4,100g
가자미조림,가자미조림,99,12.37,2.37,7.17,3.5,564,75.99,100g
고등어조림,고등어조림,108,8.36,6.07,4.9,3.73,411,27.27,100g
고추조림,고추조림,111,3.3,4.9,13.4,7.1,779,7.09,100g
닭볶음탕_간편조리세트_곱도리탕,닭볶음탕,107,6.66,4.21,10.62,4.29,359,45.41,100g
동태조림,동태조림,110,16.32,1.88,6.96,4.08,557,87.38,100g
북어조림,북어조림,182,20.83,3.33,17.14,8.2,766,99.63,100g
장조림_돼지고기_메추리알,장조림,127,16.67,3.7,6.74,2.55,1166,95.28,100g
장조림_소고기_메추리알,장조림,121,16.27,3.68,5.77,1.43,1204,83.03,100g
장조림_우엉,장조림,149,2.1,0.3,34.37,17.4,1092,0,100g
조기조림,조기조림,128,13.7,6.27,4.27,1.5,590,76.06,100g
감자튀김_간편조리세트_몬스터 치즈 프라이,감자튀김,269,5.54,17.74,21.78,3.56,334,11.18,100g
고구마맛탕,고구마맛탕,246,1.65,5.5,47.3,19.35,38,0,100g
고구마튀김,고구마튀김,253,2.72,11.87,33.8,7.72,148,20.84,100g
고추튀김,고추튀김,202,7.6,12.6,14.6,2.3,249,35.91,100g
김말이튀김,김말이튀김,195,2.05,7.2,30.51,1.88,460,0,100g
김말이튀김,김말이튀김,245,2.28,11.46,33.11,1.09,383,0.76,100g
깐풍새우,깐풍새우,240,8.15,13.86,20.56,7.2,531,61.48,100g
닭모래집튀김,닭모래집튀김,312,18.73,17.73,19.4,1.2,215,167.94,100g
닭튀김,닭튀김,301,21.73,16.57,16.27,0.5,415,59.31,100g
닭튀김_살코기,닭튀김,289,22.54,17.35,9.42,0,292,87,100g
닭튀김_너겟,닭튀김,332,15.3,22.7,16.63,1.12,516,43.28,100g
돈가스_간편조리세트_부타이로스카츠 (통등심돈가스),돈가스,262,14.46,17.97,10.71,3.11,322,27.73,100g
돈가스,돈가스,280,13.85,17.94,15.89,4.99,343,26.48,100g
돈가스_고구마,돈가스,317,12.34,19.51,23.05,6.22,288,23.93,100g
돈가스_돼지등심,돈가스,312,16.5,18.77,19.24,1.83,287,49.08,100g
돈가스_돼지안심,돈가스,326,16.64,21.2,17.13,1.39,276,52.74,100g
돈가스_치즈,돈가스,302,16.81,18.68,16.71,1.43,348,39.52,100g
라조기,라조기,199,10.33,11.75,13.12,0.08,324,45.29,100g
멘보샤,멘보샤,289,10.52,21.6,13.22,1,696,69.91,100g
미꾸라지튀김,미꾸라지튀김,387,10.89,25.39,28.85,0.3,324,50.15,100g
복어튀김,복어튀김,320,13.84,19.27,22.88,0.6,284,30.03,100g
북어강정_고추장양념,북어강정,379,19.22,22.07,25.82,12.17,709,53.82,100g
생선까스,생선까스,327,12.17,20.55,23.28,0.98,394,36.36,100g
양파링튀김,양파링튀김,411,3.86,25.23,43.58,5.43,776,0,100g
쥐포튀김,쥐포튀김,357,9.62,16.49,42.5,7.96,717,28.7,100g
치즈볼,치즈볼,333,9.56,20,28.66,5.48,532,23.23,100g
치즈스틱,치즈스틱,329,12.59,21.85,20.57,1.84,596,22.2,100g
치즈스틱,치즈스틱,329,16,18.78,24,2.08,675,20.06,100g
치킨가스,치킨가스,296,13.96,16.96,22.01,2.08,390,36.48,100g
탕수육_간편조리세트_김치피자탕수육,탕수육,227,12.36,10.67,20.47,7.37,399,22.22,100g
고구마줄기나물,고구마줄기나물,97,1.64,7.46,5.77,1.65,473,0.55,100g
깻잎나물,깻잎나물,146,4.23,11.49,6.42,0.98,416,0.63,100g
깻잎나물볶음,깻잎나물볶음,103,3.75,7.2,5.75,0.3,521,0,100g
머위나물무침,머위나물무침,85,1.62,7.66,2.49,0.44,452,0,100g
미나리나물,미나리나물,59,2.03,3.67,4.48,0,301,0,100g
세발나물무침,세발나물무침,78,3.01,4.25,7.05,3.67,701,0,100g
우거지나물무침,우거지나물무침,86,3,5.67,5.8,1,515,0.87,100g
취나물무침,취나물무침,148,2.75,12.31,6.61,0,564,0,100g
골뱅이무침,골뱅이무침,109,7.08,1.97,15.69,10.46,526,38.35,100g
냉채_해파리,냉채,61,4.13,0.93,8.93,7.6,339,26.89,100g
노각무침,노각무침,56,1.73,1.2,9.53,4.73,545,0,100g
단무지무침,단무지무침,40,1,1.6,5.6,1.4,858,0,100g
달래무침,달래무침,91,2.67,1.87,15.87,7.47,578,0,100g
더덕무침,더덕무침,144,2.87,1.87,28.93,13.47,831,0.11,100g
도라지생채,도라지생채,119,2.75,1.11,24.52,9.6,522,1.94,100g
무말랭이무침,무말랭이무침,131,2.25,0.61,29.24,16.75,1073,0,100g
무말랭이무침,무말랭이무침,131,3.08,0.87,27.77,14.46,1137,1.07,100g
묵무침_도토리묵,묵무침,46,0.29,0.32,10.38,0.43,124,0,100g
묵무침_청포묵,묵무침,60,1.16,2.08,9.08,0.72,290,0,100g
물회,물회,76,4.91,2.7,7.9,2.86,299,17.18,100g
물회_생선,물회,72,4.29,1.54,10.31,6.5,347,12.74,100g
미역초무침,미역초무침,63,2.19,0.48,12.57,8.29,597,1.14,100g
배추겉절이,배추겉절이,43,2.18,0.92,6.51,3.04,581,0.39,100g
밴댕이무침,밴댕이무침,150,7.45,8.25,11.5,6.75,257,25.38,100g
부추무침_부추만,부추무침,70,3.25,1.21,11.58,7.67,780,3.14,100g
상추겉절이,상추겉절이,64,2.48,3.26,6.18,3.71,550,6.57,100g
샐러드_간편조리세트_콥샐러드&시저드레싱,샐러드,129,8.75,8.4,4.55,1.89,339,75.8,100g
샐러드_고구마,샐러드,185,1.81,7.79,26.84,14.98,125,7,100g
샐러드_양배추_코올슬로,샐러드,153,0.95,9.91,14.89,12.19,203,4,100g
쑥갓나물무침,쑥갓나물무침,64,3,3.8,4.4,0.2,473,0.03,100g
오이생채,오이생채,50,1.44,1.34,7.97,5.84,404,1.76,100g
오이생채_오이만,오이생채,51,1.61,2.08,6.56,4.81,498,2.34,100g
탕평채,탕평채,97,3.55,3.81,12.26,0.39,260,47.24,100g
파무침,파무침,82,2.31,3.36,10.65,7.08,502,9.77,100g
홍어무침,홍어무침,99,8.93,1.32,12.98,7.23,401,28.51,100g
회무침_서대,회무침,105,7.53,1.53,15.3,7.43,400,22.57,100g
갓김치,갓김치,37,3.26,0.4,7.07,2.46,720,0,100g
고들빼기김치,고들빼기김치,111,3.16,1.22,21.87,5.69,1485,5.95,100g
고들빼기김치,고들빼기김치,68,2.84,0.66,12.58,4.12,894,0,100g
깻잎김치,깻잎김치,83,3.44,2.44,11.77,5.79,836,1.26,100g
동치미,동치미,11,0.49,0.07,2.08,1.19,472,0,100g
배추김치,배추김치,38,1.98,0.43,6.49,2.4,551,0,100g
배추김치_가을재배,배추김치,37,1.85,0.54,6.1,3.05,548,0,100g
배추김치_봄재배,배추김치,39,2.22,0.67,5.95,2.38,626,0,100g
배추김치_여름재배,배추김치,38,1.84,0.49,6.56,3.22,606,0,100g
백김치,백김치,16,0.95,0.07,3,1.04,395,0,100g
부추김치,부추김치,71,3.03,2.83,8.42,5.14,670,0.7,100g
얼갈이배추김치,얼갈이배추김치,30,1.88,0.58,4.37,1.15,581,0,100g
열무김치,열무김치,36,2.39,0.38,5.87,0.68,583,0,100g
열무물김치,열무물김치,18,1.41,0.07,2.91,1.68,493,0,100g
열무얼갈이김치,열무얼갈이김치,35,2.15,0.66,5.22,0.91,680,2.07,100g
오이소박이,오이소박이,37,1.76,0.37,6.66,3.17,302,0,100g
오이소박이,오이소박이,37,1.93,0.59,5.92,3.1,454,1.44,100g
총각김치,총각김치,42,1.92,0.29,7.89,3,630,0,100g
파김치,파김치,49,2.5,0.58,8.51,2.8,655,0,100g
게장_간장,게장,88,12.25,2.31,4.47,2.93,910,140.73,100g
게장_양념,게장,111,12.24,3.3,8.07,4.93,607,61.44,100g
명란젓_양념,명란젓,147,17.96,6.54,3.98,0,2044,247.92,100g
조개젓_양념,조개젓,103,8.61,2.05,12.61,6.46,3040,35.16,100g
고추장아찌,고추장아찌,124,2.39,0.63,31.49,11.38,2026,0,100g
들깻잎장아찌,들깻잎장아찌,124,4.03,0.42,26,16.41,1809,0,100g
마늘장아찌,마늘장아찌,113,2.43,0.16,25.36,15.03,1127,0,100g
마늘쫑장아찌,마늘쫑장아찌,118,1.96,0.14,27.34,13.02,1410,0,100g
마늘쫑장아찌_간장,마늘쫑장아찌,60,2,1,10.8,7.8,1627,0,100g
마늘쫑장아찌_고추장,마늘쫑장아찌,110,2.6,1.8,21,11.2,1415,0,100g
매실장아찌,매실장아찌,243,1.65,0.43,58.11,38.16,1126,0,100g
무장아찌,무장아찌,80,1.47,0.76,16.76,9.62,2933,0.13,100g
오이지,오이지,29,0.82,1.79,2.52,1.87,2370,0,100g
소스/드레싱_간편조리세트_오야꼬동 (밥제외),소스/드레싱,116,8.93,5.54,7.66,5.93,530,89.07,100g
카레소스_간편조리세트_키마카레&치즈키마카레,카레소스,136,9.16,8.38,6.02,2.86,264,149.5,100g
밀크쉐이크_바닐라,밀크쉐이크,113,2.43,3.88,17.01,16.57,51,9.1,100ml
빙수_인절미_우유얼음,빙수,141,5.97,4.35,19.6,14.98,63,8.26,100g
빙수_팥_우유얼음,빙수,146,3.24,0.79,31.49,25.04,51,4.87,100g
아이스크림_썬대,아이스크림,196,3.17,6.86,30.45,25.42,79,9.1,100g
우유_딸기,우유,73,2.04,2.31,11.04,10.24,23,6.93,100ml
과ㆍ채주스_당근,과ㆍ채주스,29,0.36,0.04,6.88,6.81,29,0,100g
과ㆍ채주스_딸기_바나나,과ㆍ채주스,54,1.37,0.52,11.06,10.93,14,2.88,100g
과ㆍ채주스_사과_당근,과ㆍ채주스,38,0.23,0.03,9.14,9.03,15,0,100g
과ㆍ채주스_해독주스_착즙형,과ㆍ채주스,44,0.47,0.04,10.51,9.1,11,0,100g
과ㆍ채주스_혼합과일주스,과ㆍ채주스,59,0.77,0.37,13.19,12.86,15,1.46,100g
라떼_그린티,라떼,76,2.97,2.56,10.33,9.41,29,9.96,100g
라떼_바닐라,라떼,72,2.58,3.17,8.38,7.32,34,8.82,100g
레몬청차,레몬청차,60,0.13,0.01,14.8,16.33,3,0,100g
밀크티_블랙,밀크티,49,1,2.64,5.3,4.58,15,3.87,100g
밀크티_초콜릿,밀크티,76,1.23,3.68,9.61,3.65,12,0,100g
밀크티_타로,밀크티,102,0.37,5.83,11.95,7.32,18,0,100g
밀크티_흑당,밀크티,94,2.38,2.55,15.37,12.76,55,9.86,100g
식혜,식혜,87,1.53,1.75,16.21,11.36,2,0,100g
액상커피_커피가루_설탕_크림(중량12g),액상커피,51,0.43,1.03,10.06,5.94,5,0,100g
액상커피_커피가루_설탕(중량2.7g),액상커피,17,0.18,0,3.98,1.68,0,0,100g
액상커피_커피가루(중량1g),액상커피,4,0.2,0.01,0.7,0,0,0,100g
커피_달고나커피,커피,111,2.47,4.97,14.08,11.46,49,12.61,100g
커피_아메리카노,커피,4,0.23,0.03,0.66,0,2,0,100g
커피_카라멜마끼아토,커피,81,2.44,3.94,9.05,8.47,29,8.9,100g
커피_카페라떼,커피,57,2.72,3.72,3.11,3.11,30,9.21,100g
커피_카페모카,커피,72,2.76,2.08,10.46,9.72,29,8.31,100g
커피_카푸치노,커피,54,2.67,3.38,3.23,3.13,33,9.1,100g
고구마_밤고구마_삶은것,고구마,132,2.45,0.12,30.17,18.43,79,0,100g
팝콘,팝콘,511,8.3,27.34,58.06,0.38,500,0.49,100g
팝콘_카라멜,팝콘,479,5.92,19.56,69.79,27.42,105,0.76,100g
달걀_삶은것,달걀,150,12.8,10.65,0.63,0.62,127,380.51,100g
달걀_삶은것_노른자,달걀,358,15.66,32.31,1.17,0.23,46,686.62,100g
달걀_삶은것_흰자,달걀,48,11.42,0.29,0.01,0.32,186,2.02,100g
대구포,대구포,141,31.97,0.4,2.33,0,3876,107.15,100g
넙치(광어)회덮밥_양념장,넙치(광어)회덮밥,77,4.27,1.06,12.64,1.92,85,7.03,100ml
돌솥비빔밥_양념장,돌솥비빔밥,86,2.81,2.07,13.99,1.23,116,29.06,100ml
볶음밥_배추김치_참치,볶음밥,105,5.11,2.58,14.6,1.13,192,30.35,100ml
볶음밥_새우,볶음밥,105,4.86,2.25,15.44,0.95,143,36.99,100ml
볶음밥_참치,볶음밥,120,6.58,2.72,16.4,1.25,221,24.21,100ml
볶음밥_해물,볶음밥,106,5.32,2.19,15.38,1.08,140,51.87,100ml
비빔밥_묵_양념장,비빔밥,96,3.09,2.07,16.34,1.44,265,25.66,100ml
비빔밥_참치_양념장,비빔밥,100,4.82,1.8,16.11,1.72,192,21.05,100ml
영양돌솥밥,영양돌솥밥,119,2.43,0.44,25.29,0.58,2,0,100ml
오므라이스,오므라이스,117,3.64,3.33,17.22,2.5,211,48.8,100ml
우럭회덮밥_양념장,우럭회덮밥,67,3.49,0.77,11.47,1.55,64,1.85,100ml
주먹밥_배추김치,주먹밥,106,2.39,1.3,20.81,0.79,144,0,100ml
주먹밥_참치,주먹밥,131,4.74,2.71,21.16,0.63,150,3.98,100ml
짜장밥,짜장밥,93,2.85,1.94,15.58,2.14,180,13.49,100ml
참치덮밥,참치덮밥,108,5.8,2.13,15.91,2.05,341,6.14,100ml
참치회덮밥_양념장,참치회덮밥,76,4.73,0.81,12.14,1.65,88,7.44,100ml
카레라이스_돼지고기,카레라이스,90,2.8,1.65,15.73,1.3,76,3.44,100ml
카레라이스_채소,카레라이스,95,2.09,1.18,18.96,1.82,94,0.06,100ml
콩나물국밥,콩나물국밥,60,2.66,0.73,10.69,0.42,58,19.77,100ml
간자장,간자장,155,5.39,2.81,25.98,2.83,345,8.44,100ml
간자장_해물,간자장,151,6.9,3.18,22.69,2.45,380,28.99,100ml
냉면_물냉면,냉면,96,3.64,0.68,18.29,0.42,197,13.07,100ml
메밀소바,메밀소바,86,2.49,0.32,17.96,1.44,254,0,100ml
비빔막국수,비빔막국수,104,3.06,0.86,21.47,3.82,256,1.81,100ml
우동,우동,71,2.14,1.1,12.76,0.23,270,0.72,100ml
우동_배추김치,우동,65,1.85,0.79,12.11,0.46,250,0.39,100ml
우동_해물,우동,69,2.94,0.85,11.84,0.45,214,11.11,100ml
울면,울면,85,4.29,0.97,14.05,0.76,158,29.64,100ml
자장면,자장면,165,5.4,2.52,29.07,2.89,409,2.39,100ml
쟁반짜장,쟁반짜장,145,5.85,2.63,23.63,2.42,321,18.56,100ml
중식우동,중식우동,91,4.73,0.84,15.29,0.82,202,28.82,100ml
쫄면,쫄면,132,3.93,1.05,26.2,3.82,629,10.82,100ml
칼국수_들깨,칼국수,113,3.41,2.73,18.42,0.16,149,0.01,100ml
해물칼국수,해물칼국수,77,3.09,0.4,14.64,0.22,252,5.06,100ml
갈비탕_소금제외,갈비탕,89,5.5,5.44,4.21,0.39,62,16.97,100ml
닭고기육개장,닭고기육개장,39,4.96,1.07,2.5,0.46,118,14.81,100ml
닭곰탕,닭곰탕,50,6.35,1.8,1.71,0.2,113,18.89,100ml
닭백숙,닭백숙,56,4.23,2.11,4.49,0.37,49,14.75,100ml
삼계탕,삼계탕,88,7.42,3.75,5.64,0.48,58,26.1,100ml
갈치찌개,갈치찌개,45,4.12,1.57,2.96,0.86,136,13.82,100ml
개고기전골,개고기전골,74,5.56,5.03,2.35,0.53,109,8.91,100ml
고추장찌개_두부,고추장찌개,56,5.26,2.13,4.17,1.08,138,8.95,100ml
곱창전골,곱창전골,47,3.57,2.61,2.66,0.77,111,42.7,100ml
김치찌개_돼지고기,김치찌개,61,4.75,2.63,4.5,1.06,237,10.59,100ml
낙지전골,낙지전골,35,4.19,0.6,3.56,0.96,198,4.49,100ml
내장전골,내장전골,58,5.41,2.88,2.89,0.72,128,51.72,100ml
동태찌개,동태찌개,25,3.25,0.51,2.05,0.6,177,7.81,100ml
돼지고기찌개,돼지고기찌개,56,4.08,3.14,2.85,0.66,144,10.59,100ml
두부전골,두부전골,41,3.79,1.76,2.87,0.44,109,1.01,100ml
매운탕_동태_해물,매운탕,36,5.75,0.69,1.76,0.48,145,40.29,100ml
매운탕_메기,매운탕,58,3.97,1.46,7.37,0.7,267,10.44,100ml
매운탕_메기_해물,매운탕,45,4.12,1.29,4.4,0.93,229,13.82,100ml
매운탕_아귀,매운탕,25,3.75,0.34,2.14,0.52,160,11.13,100ml
매운탕_우럭,매운탕,30,3.5,0.6,2.82,0.7,147,2.76,100ml
매운탕_해물,매운탕,33,5.49,0.53,1.83,0.52,164,41.49,100ml
버섯전골_소고기,버섯전골,59,4.11,3.02,4.69,1.01,144,10.29,100ml
불낙전골,불낙전골,69,7,2.67,4.58,1.15,250,13.06,100ml
불낙전골_해물,불낙전골,49,4.3,2.12,3.48,0.7,119,14.7,100ml
소고기샤브샤브,소고기샤브샤브,46,2.95,2.04,4.08,0.4,114,8.24,100ml
순대전골,순대전골,76,5.61,3.18,6.28,0.68,160,17.49,100ml
아귀지리,아귀지리,21,3.97,0.13,0.89,0.2,87,14.01,100ml
알탕_해물,알탕,46,6.82,1.03,2.29,0.55,156,96.76,100ml
오리백숙,오리백숙,124,7.36,7.72,5.57,0.54,68,36.99,100ml
오리탕,오리탕,104,6.68,6.98,3.71,0.94,137,31.11,100ml
가오리콩나물찜,가오리콩나물찜,29,2.68,0.84,3.5,0.69,111,4.13,100ml
김치찜_돼지고기,김치찜,88,6.54,4.7,4.62,1.96,355,15.23,100ml
깻잎찜,깻잎찜,48,3.04,1.02,8.1,1.54,535,0.01,100ml
꼬막찜,꼬막찜,30,4.01,0.54,2.19,0.62,193,5.68,100ml
꽃게콩나물찜,꽃게콩나물찜,52,5.86,1.34,5.1,0.91,209,12.62,100ml
꽈리고추찜,꽈리고추찜,41,1.48,0.76,7.51,0.92,155,0.01,100ml
낙지찜,낙지찜,74,5.47,4.31,3.81,0.89,217,35.53,100ml
단호박찜,단호박찜,41,0.93,0.16,10.04,3.63,2,0,100ml
대구볼찜,대구볼찜,45,4.23,1.23,5.37,1.09,143,12.08,100ml
돼지갈비찜_배추김치,돼지갈비찜,89,5.86,4.89,5.36,2.21,337,20.35,100ml
복찜,복찜,36,3.55,0.92,4.11,0.87,137,5.81,100ml
소갈비찜,소갈비찜,111,5.38,7.08,6.45,2.92,291,16.23,100ml
소갈비찜_해물,소갈비찜,137,11.41,6.11,8.65,0.7,173,92.67,100ml
해물콩나물찜,해물콩나물찜,51,7.04,1.11,3.83,0.74,139,40.05,100ml
홍어찜,홍어찜,41,7.2,0.54,1.49,0.29,267,29.91,100ml
황태콩나물찜,황태콩나물찜,82,10.17,1.99,6.92,1.74,244,19.43,100ml
가자미구이,가자미구이,108,11.89,5.73,1.26,0,240,52.61,100ml
갈치구이,갈치구이,147,12.65,9.81,0.88,0,338,48.84,100ml
고등어구이,고등어구이,142,9.51,9.99,2.69,0,207,27.09,100ml
굴비구이,굴비구이,122,11.83,7.4,0.98,0,109,39.75,100ml
꽁치구이,꽁치구이,80,9.39,3.97,0.79,0,235,28.29,100ml
닭구이,닭구이,76,7.07,3.77,3.01,1.98,250,25.71,100ml
더덕구이,더덕구이,108,1.86,2.14,22.34,6.76,333,0,100ml
돼지갈비구이_간장,돼지갈비구이,129,7.96,7.78,6.56,3.35,215,31.58,100ml
삼치구이,삼치구이,64,9.55,2.38,0.47,0,166,34.03,100ml
소내장구이,소내장구이,92,6.75,6.53,0.75,0.1,57,120.37,100ml
소불고기_버섯,소불고기,97,6.07,5.35,6.58,2.37,214,19.73,100ml
오리고기로스,오리고기로스,174,11.76,13.5,0.5,0.28,161,64.01,100ml
옥돔구이,옥돔구이,39,4.91,1.92,0.11,0,33,23.02,100ml
옥수수구이,옥수수구이,148,1.43,9.01,15.41,4,173,3.84,100ml
옥수수구이_치즈,옥수수구이,140,4.4,7.41,13.6,3.53,185,8.79,100ml
장어구이_고추장,장어구이,134,10.05,8.25,4.82,1.88,207,113.37,100ml
장어구이_소금,장어구이,137,9.94,10.37,0.23,0,196,122.84,100ml
전어구이,전어구이,33,5.86,0.82,0.06,0,193,21.38,100ml
황태구이_양념,황태구이,144,20.64,3.78,5.91,2.33,304,50.61,100ml
감자전,감자전,93,1.98,3.24,13.75,0.38,69,4.03,100ml
굴전,굴전,123,6.25,6.27,9.54,0.74,58,56.82,100ml
김치전,김치전,122,3.03,3.1,19.35,1.1,235,6.15,100ml
녹두빈대떡_돼지고기,녹두빈대떡,175,9.41,5.64,21.4,0.29,109,4.57,100ml
달걀부침(달걀후라이),달걀부침(달걀후라이),156,9.95,11.07,2.76,0.18,394,263.03,100ml
동태전,동태전,109,9.74,4.99,5.08,0.11,264,76.09,100ml
부추전,부추전,142,3.48,4.23,21.35,1.16,165,11.35,100ml
새송이버섯전,새송이버섯전,63,3.16,3.73,5.89,0.17,93,41.21,100ml
어육소시지전,어육소시지전,177,8.23,10.14,12.73,2.04,441,72.72,100ml
장떡,장떡,197,3.67,7.64,27.28,2.26,267,0,100ml
채소전,채소전,154,3.38,5.63,21.39,1.21,174,9.58,100ml
파래전,파래전,197,4.74,5.03,31.77,0.83,283,12.99,100ml
호박전,호박전,84,2.18,5.27,6.78,1.16,202,31.36,100ml
가지볶음_가지,가지볶음,35,0.9,2.17,3.36,1.55,207,0.01,100ml
가지볶음_가지_고추,가지볶음,27,0.91,1.27,3.36,1.65,163,0,100ml
가지볶음_가지_당근,가지볶음,37,0.93,1.94,4.56,2.21,169,0.01,100ml
감자볶음_감자,감자볶음,52,1.23,1.31,8.95,0.19,162,0,100ml
감자볶음_감자_당근,감자볶음,47,1.08,1.36,7.79,0.42,125,0,100ml
건새우볶음_건새우,건새우볶음,120,15.53,3.87,4.96,1.35,1065,99.51,100ml
건새우볶음_건새우_꽈리고추,건새우볶음,71,7.11,2.3,5.65,1.46,510,41.92,100ml
건표고버섯볶음_건표고버섯,건표고버섯볶음,37,2.03,1.99,7.51,0.66,146,0.01,100ml
고추잡채,고추잡채,67,4.18,3.91,4.21,1.49,159,14.49,100ml
김치볶음_김치,김치볶음,34,0.98,1.62,3.76,1.97,347,0,100ml
느타리버섯볶음_느타리버섯,느타리버섯볶음,21,1.25,1.42,2.36,0.5,130,0.01,100ml
느타리버섯볶음_느타리버섯_채소,느타리버섯볶음,20,1.32,1.1,2.87,0.78,108,0,100ml
닭모래집볶음,닭모래집볶음,72,8.19,2.28,3.82,1.35,159,84.28,100ml
돼지고기볶음_돼지고기,돼지고기볶음,134,9.53,7.88,6.43,2.85,168,29.86,100ml
돼지고기볶음_돼지고기_버섯,돼지고기볶음,102,8.41,4.87,6.51,2.95,211,23.16,100ml
돼지고기볶음_돼지고기_오징어,돼지고기볶음,136,8.77,8.22,6.89,2.9,214,62.93,100ml
돼지고기볶음_돼지고기_채소,돼지고기볶음,106,7.77,5.85,5.65,2.69,171,24,100ml
두부김치_돼지고기,두부김치,84,6.76,4.44,4.06,1.34,203,8.47,100ml
멸치볶음_꽈리고추,멸치볶음,79,8.03,2.74,5.59,1.46,468,72.49,100ml
멸치볶음(멸치만),멸치볶음(멸치만),114,14.9,3.41,5.15,1.72,770,147.45,100ml
미역줄기볶음_미역줄기,미역줄기볶음,39,1.23,3.12,3.14,0.34,315,0.03,100ml
새송이버섯볶음_새송이버섯,새송이버섯볶음,25,1.52,1.61,3.46,0.28,163,0,100ml
새송이버섯볶음_새송이버섯_채소,새송이버섯볶음,25,1.4,1.5,3.51,0.54,146,0,100ml
소시지볶음_채소,소시지볶음,134,7.01,8.95,6.15,2.13,439,29.59,100ml
순대볶음_곱창,순대볶음,115,5.45,4.74,13.19,2.63,312,50.29,100ml
어묵볶음_어묵,어묵볶음,89,5.07,2.93,11.02,2.39,399,8.01,100ml
어묵볶음_어묵_채소,어묵볶음,80,4.23,2.76,9.87,2.36,345,6.6,100ml
오리볶음,오리볶음,171,10.47,11.27,7.3,2.65,254,52,100ml
오징어볶음_채소,오징어볶음,88,10.06,2.16,7.23,3.38,288,110.47,100ml
오징어채볶음,오징어채볶음,164,25.48,3.41,6.56,2.35,522,110.69,100ml
유산슬,유산슬,71,9.09,1.96,4.84,0.59,461,44.66,100ml
잔멸치볶음_잔멸치,잔멸치볶음,118,14.05,3.94,5.82,2.35,913,139.29,100ml
잔멸치볶음_잔멸치_견과류,잔멸치볶음,163,13.61,9.76,6.13,1.82,669,105.7,100ml
잔멸치볶음_잔멸치_꽈리고추,잔멸치볶음,64,7.65,2.23,3.1,0.89,519,72.13,100ml
주꾸미볶음_채소,주꾸미볶음,74,6.94,1.91,7.99,3.13,142,150.16,100ml
중식잡채,중식잡채,83,2.3,2.24,13.58,1.13,112,5.34,100ml
쫄볶이,쫄볶이,150,4.7,1.41,29.37,3.97,652,10.84,100ml
파래볶음,파래볶음,53,3.28,2.88,8.21,1.98,197,0,100ml
표고버섯볶음_표고버섯,표고버섯볶음,19,1.11,1,3.47,0.4,102,0,100ml
표고버섯볶음_표고버섯_채소,표고버섯볶음,22,1.12,1.19,3.76,0.75,130,0.01,100ml
호박볶음_호박,호박볶음,27,0.84,1.32,3.53,1.62,234,1.31,100ml
호박볶음_호박_채소,호박볶음,34,0.86,1.96,3.68,1.78,144,0.98,100ml
가자미조림,가자미조림,62,7.9,1.37,4.41,1.51,241,32.1,100ml
갈치조림_무,갈치조림,65,6.31,2.4,4.44,1.78,232,21.47,100ml
감자조림,감자조림,66,1.58,0.85,13.29,1.89,242,0,100ml
고등어조림_배추김치,고등어조림,75,6.5,3.45,4.32,1.81,299,16.87,100ml
고추조림_멸치,고추조림,57,7.08,1.21,4.69,1.24,464,63.41,100ml
꽁치조림_채소,꽁치조림,72,8.85,1.9,4.75,1.7,180,24.65,100ml
달걀조림,달걀조림,109,9.01,4.79,6.53,1.5,498,190.34,100ml
닭도리탕,닭도리탕,78,6.51,3.34,5.6,1.55,166,22.56,100ml
버섯조림,버섯조림,33,2.04,0.74,6.83,1.55,260,0.45,100ml
연근조림,연근조림,71,1.54,1.04,14.28,2.71,293,0,100ml
장조림_메추리알,장조림,96,6.62,4.94,5.61,1.08,314,172.29,100ml
고구마맛탕,고구마맛탕,160,0.61,3.66,31.45,11.22,10,0,100ml
깐쇼새우,깐쇼새우,150,7.9,6.28,14.7,5.31,266,65.29,100ml
생선까스_소스,생선까스,232,7.58,18.96,7.25,0.54,201,40.24,100ml
냉이나물,냉이나물,33,2.4,0.86,5.44,1.18,182,0.01,100ml
시래기나물_간장_소금,시래기나물,30,0.93,1.92,2.65,0.08,197,0.01,100ml
유채나물_간장_소금,유채나물,22,2.1,0.89,2.4,0.31,154,0.01,100ml
유채나물_된장,유채나물,30,2.79,0.97,3.65,0.7,182,0.02,100ml
청경채나물,청경채나물,14,1.06,0.58,1.59,0.23,156,0.02,100ml
톳나물_두부,톳나물,30,2.67,1.6,2.55,0.18,156,0,100ml
간재미회무침,간재미회무침,47,4.73,0.47,6.47,3.57,164,16.06,100ml
개고기무침,개고기무침,121,7.63,8.82,3.76,0.9,111,13.49,100ml
곤약무침_마요네즈,곤약무침,83,0.7,7.7,3.62,1.12,119,2.79,100ml
과일샐러드,과일샐러드,75,0.38,5.49,6.74,4.79,37,1.73,100ml
김무침,김무침,83,7.92,4.04,12.69,2.15,557,0,100ml
더덕무침,더덕무침,65,1.29,0.65,14.72,4.26,148,0.02,100ml
돌나물,돌나물,24,0.64,0.39,5.23,2.46,154,0,100ml
마늘장아찌무침,마늘장아찌무침,99,1.88,0.7,21.85,11.66,805,0,100ml
모자반무침,모자반무침,19,1.29,0.4,4.36,1.3,186,0.01,100ml
배추겉절이,배추겉절이,23,1.26,0.39,4.52,2.22,274,0.53,100ml
북어채무침,북어채무침,149,23.17,2.65,7.22,2.24,293,90.7,100ml
샐러드_단호박,샐러드,128,1.23,9.49,10.28,3.45,82,6.34,100ml
얼갈이겉절이,얼갈이겉절이,21,1.12,0.51,3.61,1.17,173,0.01,100ml
톳나물초무침,톳나물초무침,19,1.11,0.37,4.78,1.61,93,0.01,100ml
파래무침_파래,파래무침,43,3.82,1.11,9.24,0.99,251,0.01,100ml
파래무침_파래_채소,파래무침,43,3.64,0.95,9.7,1.31,193,0.01,100ml
풋마늘무침,풋마늘무침,38,1.31,0.82,8.05,3.77,155,0.01,100ml
곤드레밥_양념장,곤드레밥,87,2.09,0.97,17.09,0.18,118,1.22,100ml
기장밥,기장밥,118,2.22,0.16,25.77,0.02,2,0,100ml
보리밥,보리밥,118,2.26,0.17,25.69,0.02,2,0,100ml
볶음밥_배추김치_돼지고기,볶음밥,116,3.68,1.98,20.24,0.97,178,11.14,100ml
볶음밥_배추김치_소고기,볶음밥,118,3.45,2.05,20.55,0.82,168,8.34,100ml
비빔밥_소고기_양념장,비빔밥,87,2.75,1.34,15.69,1.19,104,6.35,100ml
비빔밥_열무_양념장,비빔밥,114,3.35,1.28,22.08,1.94,200,11.27,100ml
수수밥,수수밥,121,2.25,0.17,26.41,0.02,2,0,100ml
영양돌솥밥,영양돌솥밥,111,2.35,0.31,23.8,0.66,80,0,100ml
율무밥,율무밥,118,2.28,0.18,25.52,0.01,2,0,100ml
짜장밥,짜장밥,134,4,1.54,25.26,1.96,259,3.73,100ml
차조밥,차조밥,119,2.21,0.2,25.77,0.03,2,0,100ml
콩나물밥_양념장,콩나물밥,110,3.39,1.29,20.65,0.31,148,2.13,100ml
현미밥_쌀,현미밥,120,2.18,0.21,26.21,0.02,3,0,100ml
흑미밥_찹쌀,흑미밥,118,2.14,0.16,25.8,0.02,2,0,100ml
떡국_소고기,떡국,76,2.74,1.34,13.5,0.1,202,13.21,100ml
떡만두국_고기만두,떡만두국,61,2.46,1.43,9.69,0.17,162,8.93,100ml
만두국_고기만두,만두국,43,2.24,1.49,5.32,0.24,157,9.36,100ml
우동,우동,52,1.56,0.65,9.54,0.19,130,0.69,100ml
자장면,자장면,105,3.77,1.15,19.22,1.48,279,2.33,100ml
잔치국수,잔치국수,67,2.35,0.83,12.19,0.62,308,5.61,100ml
쫄면,쫄면,107,2.79,0.98,21.6,4.06,514,2.11,100ml
닭죽_채소,닭죽,99,5.88,2.45,12.77,0.77,135,17.13,100ml
호박죽,호박죽,71,1.39,0.28,16.08,5.61,140,0,100ml
갈비탕,갈비탕,39,2.19,2.13,2.71,0.26,109,9.9,100ml
김치국_김치_콩나물,김치국,10,0.94,0.27,1.38,0.38,146,0,100ml
달걀국,달걀국,16,1.53,0.68,1.01,0.19,162,29.47,100ml
닭고기육개장,닭고기육개장,31,3.26,1.51,1.28,0.29,112,13.66,100ml
닭곰탕,닭곰탕,48,4.6,1.98,2.73,0.4,171,15.73,100ml
된장국_근대,된장국,12,0.9,0.34,1.71,0.35,200,0,100ml
된장국_냉이_두부,된장국,20,1.82,0.63,2,0.43,179,0.14,100ml
된장국_미역,된장국,12,1.21,0.42,1.43,0.22,245,0.06,100ml
된장국_시금치,된장국,15,1.14,0.32,2.45,0.77,234,0,100ml
된장국_시래기,된장국,17,1.09,0.6,2.33,0.44,214,0,100ml
된장국_아욱,된장국,15,1.07,0.26,2.47,0.43,196,0.29,100ml
된장국_얼갈이배추,된장국,13,0.94,0.45,1.72,0.41,179,0,100ml
된장국_유부,된장국,22,1.46,1.23,1.5,0.4,154,0,100ml
된장국_호박잎,된장국,17,1.33,0.37,2.54,0.55,183,0.06,100ml
들깨국,들깨국,14,0.58,0.76,1.42,0.33,110,0,100ml
미소된장국,미소된장국,23,1.85,0.92,2.12,0.38,275,0.26,100ml
미역국_바지락,미역국,8,0.9,0.16,1.11,0.04,167,0.5,100ml
미역국_소고기,미역국,23,1.69,1.38,1.28,0.02,162,4.57,100ml
북어국_콩나물,북어국,14,2.02,0.37,0.96,0.19,134,8.77,100ml
삼계탕,삼계탕,77,6.7,3.17,5,0.65,160,25.55,100ml
설렁탕,설렁탕,41,2.65,1.24,4.43,0.18,135,9,100ml
소고기육개장,소고기육개장,26,2.07,1.46,1.38,0.32,105,9.16,100ml
어묵국(어묵탕)_고춧가루 제외,어묵국(어묵탕),25,1.69,0.58,3.44,0.69,202,2.48,100ml
오징어국,오징어국,22,3.39,0.35,1.41,0.44,155,38.37,100ml
콩나물국_콩나물,콩나물국,7,0.83,0.2,1.01,0.14,179,0,100ml
콩나물국_콩나물_소고기,콩나물국,29,2.31,1.63,1.53,0.33,117,5.29,100ml
감자탕,감자탕,51,3.39,2.61,3.87,0.55,172,9.75,100ml
김치찌개_돼지고기,김치찌개,38,3.87,1.48,2.17,0.8,205,7.54,100ml
김치찌개_참치,김치찌개,37,4.78,1.01,2.16,0.73,286,5.23,100ml
꽃게탕,꽃게탕,18,2.3,0.29,1.65,0.58,182,4.77,100ml
순두부찌개_배추김치_돼지고기,순두부찌개,29,3.55,1.02,1.55,0.67,150,6.2,100ml
순두부찌개_해물,순두부찌개,29,4.09,0.85,1.41,0.61,134,13.75,100ml
청국장찌개_배추김치,청국장찌개,29,2.56,0.88,2.85,0.66,186,1.35,100ml
추어탕,추어탕,30,3.09,1.05,2.28,0.41,184,21.87,100ml
콩비지찌개,콩비지찌개,39,3.02,1.06,4.46,0.69,196,5.22,100ml
김치찜_돼지고기,김치찜,82,5.8,5,3.17,1.36,193,20.89,100ml
깻잎찜,깻잎찜,60,2.98,1.87,9.07,2.26,462,0,100ml
달걀찜_당근,달걀찜,64,5.53,3.41,2.13,0.61,192,140.61,100ml
달걀찜_두부,달걀찜,75,6.56,4.01,2.49,0.66,210,152.16,100ml
닭찜_간장,닭찜,102,8.59,3.77,8.27,2,180,29.09,100ml
닭찜_매운양념,닭찜,98,8.1,3.55,8.33,2.44,199,27.29,100ml
돼지갈비찜_매운양념_채소,돼지갈비찜,136,9.44,7.59,7.5,2.98,222,34.8,100ml
돼지갈비찜_채소,돼지갈비찜,139,10.26,7.97,6.28,2.34,228,37.97,100ml
돼지갈비찜_채소_떡,돼지갈비찜,142,8.99,6.82,10.95,2.12,220,32.27,100ml
갈치구이,갈치구이,127,9.83,7.36,4.3,0,373,37.36,100ml
감자구이,감자구이,76,1.23,3.48,10.05,1.1,97,4.94,100ml
고등어구이,고등어구이,202,13.37,13.22,6.25,0,196,37.23,100ml
닭구이,닭구이,96,11.19,3.33,4.57,1.9,277,34.74,100ml
닭날개구이,닭날개구이,129,11.25,7.25,3.84,1.25,289,54.48,100ml
닭다리구이,닭다리구이,90,8.53,4.69,2.72,0.87,203,39.41,100ml
돼지갈비구이_간장,돼지갈비구이,128,9.02,7.88,4.62,2.65,221,35.8,100ml
돼지불고기_간장,돼지불고기,84,8.44,3.6,4.34,1.7,171,23.76,100ml
돼지불고기_고추장,돼지불고기,90,8.36,3.85,5.65,2.67,180,23.89,100ml
소불고기_버섯,소불고기,88,7.48,4.34,4.72,1.95,155,21.11,100ml
오리불고기,오리불고기,75,9.2,1.63,5.92,2.4,187,39.74,100ml
김치전_해물,김치전,96,4.32,3.5,10.88,1.01,243,33.38,100ml
달걀말이_채소,달걀말이,181,11.53,12.41,4.35,1.06,329,297.74,100ml
파전_해물,파전,195,10.67,7.77,18.92,1.24,267,92.27,100ml
호박전,호박전,142,3.53,8.53,12.25,1.61,182,47.58,100ml
감자볶음_감자_베이컨,감자볶음,50,1.72,2.45,5.37,0.33,143,3.78,100ml
고추장볶음,고추장볶음,235,8.96,4.85,43.37,19.22,1562,17.21,100ml
낙지볶음_채소,낙지볶음,67,5.42,1.59,8.11,2.6,265,35.16,100ml
느타리버섯볶음_느타리버섯_채소,느타리버섯볶음,46,1.91,3.1,4.52,1.37,163,0,100ml
닭볶음(닭갈비)_매운양념,닭볶음(닭갈비),132,10.95,3.74,13.78,3.93,287,33.57,100ml
돼지고기볶음_돼지고기_배추김치,돼지고기볶음,91,7.21,5.07,3.98,1.91,239,20.96,100ml
돼지고기볶음_돼지고기_버섯,돼지고기볶음,121,11.58,5.1,7.51,3.51,269,31.68,100ml
돼지고기볶음_돼지고기_오징어,돼지고기볶음,145,11.22,7.96,7.13,3.36,280,74.2,100ml
돼지고기볶음_돼지고기_채소,돼지고기볶음,117,11.47,5.04,6.51,3.07,212,32.74,100ml
떡볶이_간장,떡볶이,168,4.81,2.93,30.93,1.99,358,8.27,100ml
떡볶이_고추장_어묵,떡볶이,154,3.65,1.46,32.47,4.59,406,2.39,100ml
마늘쫑볶음_건새우,마늘쫑볶음,64,3.16,2.97,6.55,2.6,285,15.76,100ml
소고기볶음_버섯,소고기볶음,72,6.2,3.53,3.97,1.25,127,16.91,100ml
소시지볶음_채소,소시지볶음,138,6.54,8.32,9.03,2.68,415,25.55,100ml
순대볶음,순대볶음,101,3.16,4.53,12.3,2.36,260,2.48,100ml
어묵볶음_어묵_채소,어묵볶음,78,3.65,3.19,8.9,2.21,296,5.63,100ml
오징어볶음_채소,오징어볶음,81,7.84,1.92,8.08,2.62,231,87.95,100ml
잔멸치볶음_잔멸치_견과류,잔멸치볶음,120,7.04,7.14,7.24,2.34,373,52.42,100ml
잔멸치볶음_잔멸치_꽈리고추,잔멸치볶음,90,7.08,3.61,7.16,2.3,482,65.95,100ml
잡채_돼지고기,잡채,93,3.02,2.49,14.87,2.13,216,5.73,100ml
잡채_소고기,잡채,106,2.84,3.24,16.78,2.33,249,7,100ml
고등어조림_배추김치,고등어조림,104,7.92,5.38,5.8,2.47,335,21.49,100ml
닭조림,닭조림,111,10.5,3.63,8.84,2.5,214,33.99,100ml
두부조림,두부조림,133,9.39,6.87,8.15,1.7,279,0,100ml
연근조림,연근조림,76,1.32,0.98,15.97,3.73,277,0,100ml
우엉조림,우엉조림,104,3.69,2.98,16.51,4.62,356,2.87,100ml
장조림_돼지고기_메추리알,장조림,117,12.37,5.06,4.53,1.49,257,110.24,100ml
고구마맛탕,고구마맛탕,141,0.75,4,25.54,7.84,4,0,100ml
고구마튀김,고구마튀김,233,1.48,10.9,31.33,5.96,124,4.58,100ml
동태까스_소스,동태까스,273,11.6,15.64,19.42,2.61,385,53.42,100ml
가지나물,가지나물,34,1.24,1.54,4.34,1.89,227,0,100ml
깻잎나물_깻잎,깻잎나물,33,2.12,1.33,4.36,0.04,224,0,100ml
배추나물_된장,배추나물,31,1.67,1.28,3.68,1.08,323,0,100ml
숙주나물_숙주,숙주나물,21,1.23,1.3,1.77,0.01,176,0,100ml
숙주나물_숙주_채소,숙주나물,19,1.12,0.97,1.89,0.22,169,0,100ml
숙주미나리나물,숙주미나리나물,17,1.07,0.9,1.79,0.34,158,0,100ml
시금치나물_간장_소금,시금치나물,27,1.58,1.31,3.09,0.84,196,0,100ml
시금치나물_고추장,시금치나물,35,1.71,1.13,5.81,2.27,170,0,100ml
열무나물_된장,열무나물,36,2.18,1.76,3.65,0.86,294,0,100ml
참나물,참나물,17,0.75,0.81,2.02,0.21,157,0,100ml
취나물_간장_소금,취나물,25,0.97,1.15,3.42,0.56,96,0,100ml
취나물_된장,취나물,29,1.36,0.91,4.7,1.08,147,0,100ml
콩나물무침_콩나물_고춧가루,콩나물무침,23,1.98,1.24,2.07,0.24,136,0,100ml
갑오징어무침,갑오징어무침,50,5.31,0.74,5.89,3.06,225,94.82,100ml
골뱅이무침_채소,골뱅이무침,60,5.06,0.74,9.16,5.13,387,15.08,100ml
골뱅이무침_채소_소면,골뱅이무침,87,5.01,0.71,15.19,4.01,379,12.06,100ml
과일샐러드,과일샐러드,65,0.53,3.8,7.84,5.92,24,1.41,100ml
김무침,김무침,86,7.12,6.46,8.54,1.51,329,0,100ml
느타리버섯무침,느타리버섯무침,39,2.16,1.52,6.75,2.6,297,0,100ml
단무지무침,단무지무침,34,0.9,1.67,3.97,1.05,601,0,100ml
도라지생채_오이,도라지생채,40,1.11,0.42,8.9,3.96,224,0,100ml
도라지생채_오징어채,도라지생채,92,9.61,1.4,10.58,4.05,446,37.87,100ml
도토리묵무침_채소,도토리묵무침,62,1.44,1.62,11.13,1.54,313,0,100ml
무생채_식초,무생채,40,1.09,0.67,8.15,4.68,300,0,100ml
상추겉절이,상추겉절이,29,1.16,1.2,4.02,1.98,175,0,100ml
오이생채_오이,오이생채,26,1.1,0.47,5.27,2.84,205,0,100ml
오이생채_오이_달래,오이생채,36,1.22,0.97,6.7,3.5,241,0,100ml
오이생채_오이_부추,오이생채,23,1.04,0.54,4.32,2.14,175,0,100ml
오이지무침,오이지무침,23,0.59,1.02,3.21,1.53,715,0,100ml
오징어무침_채소,오징어무침,63,6.91,0.85,7.25,3.45,229,75.34,100ml
청포묵무침,청포묵무침,57,2.17,2.7,6.86,0.62,256,10.46,100ml
기장밥,기장밥,121,2.23,0.16,26.3,0.01,2,0,100ml
돼지고기덮밥,돼지고기덮밥,165,7.92,2.72,26.17,1.91,143,22.86,100ml
보리밥,보리밥,120,2.2,0.16,26.31,0.02,2,0,100ml
볶음밥_배추김치_돼지고기,볶음밥,113,4.05,1.83,19.46,1.02,165,10.67,100ml
비빔밥_돼지고기_양념장,비빔밥,90,3.3,1.25,16.24,1.41,129,10.35,100ml
비빔밥_소고기_양념장,비빔밥,79,2.51,1.22,14.43,1.14,110,5.56,100ml
비빔밥_열무_양념장,비빔밥,114,3.33,1.29,22.09,1.57,189,9.76,100ml
비빔밥_참치_양념장,비빔밥,83,3.31,0.66,15.66,1.29,137,2.82,100ml
수수밥,수수밥,118,2.17,0.16,25.82,0.02,2,0,100ml
율무밥,율무밥,118,2.23,0.17,25.56,0.01,2,0,100ml
짜장밥,짜장밥,140,4.03,1.38,26.91,1.91,274,3.55,100ml
차조밥,차조밥,119,2.18,0.19,25.81,0.03,2,0,100ml
콩나물밥_양념장,콩나물밥,112,3.55,1.2,21.33,0.36,130,2.43,100ml
현미밥_쌀,현미밥,118,2.12,0.17,25.73,0.02,3,0,100ml
흑미밥,흑미밥,118,2.1,0.16,25.78,0.02,3,0,100ml
흑미밥_찹쌀,흑미밥,121,2.19,0.16,26.51,0.02,2,0,100ml
떡국_소고기,떡국,99,3.44,1.8,17.72,0.16,245,16.89,100ml
떡만두국_고기만두,떡만두국,67,2.67,1.59,10.7,0.19,165,9.47,100ml
만두국_고기만두,만두국,59,3.02,2.15,7.09,0.28,190,13.42,100ml
우동,우동,61,1.81,0.8,11.24,0.23,169,0.81,100ml
자장면,자장면,114,4.03,1.2,20.92,1.51,298,3.44,100ml
잔치국수,잔치국수,66,2.34,0.9,11.84,0.63,290,7.42,100ml
쫄면,쫄면,113,3.23,0.71,23.35,3.91,559,2,100ml
닭죽_채소,닭죽,115,6.99,2.96,14.34,0.65,157,21.42,100ml
김치국_김치_콩나물,김치국,12,1.09,0.31,1.65,0.45,190,0,100ml
달걀국,달걀국,22,2.07,0.98,1.12,0.23,205,42.37,100ml
닭고기육개장,닭고기육개장,43,4.35,2.06,1.96,0.48,159,17.53,100ml
닭곰탕,닭곰탕,59,5.18,2.36,4.06,0.35,160,18.51,100ml
된장국_근대,된장국,14,1.02,0.36,1.92,0.44,240,0,100ml
된장국_미역,된장국,16,1.35,0.61,1.72,0.32,286,0.03,100ml
된장국_시금치,된장국,15,1.18,0.33,2.2,0.64,261,0,100ml
된장국_시래기,된장국,17,1.14,0.5,2.39,0.46,271,0,100ml
된장국_아욱,된장국,16,1.18,0.33,2.46,0.42,250,0,100ml
된장국_얼갈이배추,된장국,14,1.02,0.42,1.76,0.46,216,0,100ml
된장국_유부,된장국,26,1.72,1.3,2.03,0.49,208,0,100ml
들깨국,들깨국,15,0.68,0.77,1.68,0.41,155,0,100ml
미소된장국,미소된장국,26,1.99,1.18,2.35,0.47,324,0,100ml
미역국_들깨,미역국,17,0.75,1.21,1.29,0.04,194,0,100ml
미역국_소고기,미역국,23,1.84,1.54,0.67,0,203,5.03,100ml
북어국_무,북어국,18,2.23,0.48,1.07,0.31,171,13.55,100ml
북어국_콩나물,북어국,18,2.42,0.52,1.09,0.23,177,12.12,100ml
삼계탕,삼계탕,80,7.32,3.85,3.54,0.29,102,29.45,100ml
소고기육개장,소고기육개장,32,2.59,1.68,2.09,0.55,146,10.99,100ml
어묵국(어묵탕)_고춧가루,어묵국(어묵탕),30,1.93,0.69,4.31,0.94,252,2.77,100ml
오징어국,오징어국,24,3.6,0.4,1.63,0.54,160,37.88,100ml
유부국,유부국,17,1.08,1.02,1.13,0.2,162,0,100ml
콩나물국_콩나물_소고기,콩나물국,31,2.51,1.66,1.75,0.42,151,5.61,100ml
콩나물국_콩나물만,콩나물국,7,0.85,0.23,1.01,0.14,151,0,100ml
감자탕,감자탕,65,4.59,3.34,4.5,0.59,216,13.74,100ml
고추장찌개_두부,고추장찌개,49,3.19,1.27,6.96,1.55,227,2.68,100ml
김치찌개_참치,김치찌개,36,4.61,0.98,2.28,0.85,300,5.01,100ml
꽃게탕,꽃게탕,23,2.8,0.41,2.25,0.79,223,8.41,100ml
부대찌개,부대찌개,57,4.83,1.89,5.33,1.02,346,11.13,100ml
청국장찌개_배추김치,청국장찌개,29,2.54,0.88,3.09,0.75,193,1.52,100ml
추어탕,추어탕,26,2.65,0.77,2.36,0.51,238,18.07,100ml
김치찜_돼지고기,김치찜,77,7.11,4.05,2.63,1.24,201,23.87,100ml
달걀찜_당근,달걀찜,69,6.12,3.6,2.3,0.62,218,157.48,100ml
닭찜_간장,닭찜,109,9.2,4.31,8.11,1.81,208,32.43,100ml
닭찜_매운양념,닭찜,114,9.11,4.73,8.71,2.34,229,32.29,100ml
돼지갈비찜_매운양념_채소,돼지갈비찜,130,10.22,6.6,7.41,2.81,225,35.31,100ml
돼지갈비찜_매운양념_채소_떡,돼지갈비찜,143,9.8,6.3,11.58,2.76,245,33.44,100ml
돼지갈비찜_채소,돼지갈비찜,137,10.75,7.64,5.92,2.24,217,39.82,100ml
돼지갈비찜_채소_떡,돼지갈비찜,143,10.28,6.66,10.12,2.07,230,35.81,100ml
돼지고기찜,돼지고기찜,109,10.82,3.25,8.89,2.09,220,31.97,100ml
가자미구이,가자미구이,127,14.41,6.46,1.65,0.01,289,64.53,100ml
갈치구이,갈치구이,117,9.59,6.95,3.05,0.12,184,36.43,100ml
감자구이,감자구이,81,1.5,2.91,12.44,1.45,227,5.12,100ml
고등어구이,고등어구이,176,12.28,11.84,3.9,0,239,35.62,100ml
닭구이,닭구이,110,10.59,5.71,3.31,1.22,243,39.43,100ml
닭날개구이,닭날개구이,121,11.12,6.51,3.77,1.49,250,53.88,100ml
닭다리구이,닭다리구이,88,8.72,4.72,2.18,0.93,175,38.52,100ml
돼지불고기_간장,돼지불고기,79,8.88,2.89,4.15,1.69,181,24.75,100ml
돼지불고기_고추장,돼지불고기,83,8.98,2.88,5.48,2.55,188,24.22,100ml
삼치구이,삼치구이,77,8.96,3.31,2.15,0,159,31.3,100ml
소불고기_버섯,소불고기,86,8.68,3.76,4.38,1.86,155,22.74,100ml
오리불고기,오리불고기,81,9.62,1.54,7.36,2.63,196,41.21,100ml
김치전_해물,김치전,68,2.9,2.62,7.52,0.69,178,23.38,100ml
달걀말이_채소,달걀말이,167,11.03,11.17,4.09,1.01,327,285.56,100ml
달걀부침(달걀후라이),달걀부침(달걀후라이),178,10.97,12.76,3.05,0.19,218,289.87,100ml
부추전_해물,부추전,215,9.42,7.58,25.53,1.86,374,67.9,100ml
스크램블드에그,스크램블드에그,88,6.24,5.46,2.77,0.7,182,138.5,100ml
햄전,햄전,241,19.54,13.5,8.44,1.26,731,112.85,100ml
호박전,호박전,126,3.5,6.98,12.12,1.94,155,45.18,100ml
감자볶음_감자_베이컨,감자볶음,53,1.86,2.49,5.91,0.43,139,4.14,100ml
감자볶음_감자_햄,감자볶음,47,2.57,1.75,5.29,0.44,162,4.92,100ml
고추잡채,고추잡채,91,9.69,3.47,5.09,2.08,268,26.27,100ml
김치볶음_김치,김치볶음,54,1.39,3,5.51,2.94,457,0,100ml
김치볶음_김치_참치,김치볶음,57,5.95,1.75,4.28,2.21,462,7.39,100ml
느타리버섯볶음_느타리버섯_채소,느타리버섯볶음,37,1.62,2.41,4.15,1.34,184,0,100ml
닭볶음(닭갈비)_매운양념,닭볶음(닭갈비),131,11.24,3.98,12.54,3.59,273,36.36,100ml
닭볶음(닭갈비)_매운양념_치즈,닭볶음(닭갈비),168,14.44,5.45,14.98,3.75,301,43.33,100ml
돼지고기볶음_돼지고기_배추김치,돼지고기볶음,94,9.13,4.38,4.14,2.11,263,25.65,100ml
돼지고기볶음_돼지고기_버섯,돼지고기볶음,99,11.07,3.63,5.66,2.73,257,30.23,100ml
돼지고기볶음_돼지고기_오징어,돼지고기볶음,94,9.21,3.88,5.65,2.42,205,57.97,100ml
돼지고기볶음_돼지고기_짜장,돼지고기볶음,112,12.01,4.09,6.37,2.3,291,32.46,100ml
돼지고기볶음_돼지고기_채소,돼지고기볶음,104,11.45,3.66,6.4,3.12,234,31.77,100ml
떡볶이_간장,떡볶이,145,4.52,2.09,27.33,2.3,325,6.17,100ml
떡볶이_고추장_메추리알,떡볶이,100,3.11,1.48,19.23,3.05,255,29.78,100ml
떡볶이_고추장_어묵,떡볶이,161,3.94,1.25,34.59,4.84,456,2.51,100ml
미역줄기볶음_미역줄기_채소,미역줄기볶음,35,0.72,2.74,3.27,0.58,1287,0,100ml
소시지볶음_채소,소시지볶음,134,6.8,8.34,7.71,2.5,425,27.26,100ml
순대볶음,순대볶음,100,3.31,4.43,12.34,2.6,270,2.47,100ml
어묵볶음_어묵_채소,어묵볶음,78,3.97,2.76,9.78,2.58,343,6.05,100ml
오징어볶음_채소,오징어볶음,77,8.2,1.29,8.19,2.53,264,90.13,100ml
오징어채볶음,오징어채볶음,54,6.23,1.6,3.43,1.5,164,26.61,100ml
잔멸치볶음_잔멸치_견과류,잔멸치볶음,147,9.77,8.68,8.17,2.93,521,73.6,100ml
잡채_돼지고기,잡채,109,3.16,2.5,18.82,2.42,261,5.79,100ml
고등어조림_배추김치,고등어조림,82,6.97,3.53,5.61,2.26,330,17.94,100ml
꽁치조림_배추김치,꽁치조림,81,7.25,3.25,5.52,2.14,396,28.92,100ml
닭도리탕,닭도리탕,116,9.5,4.83,8.71,3.03,299,33.31,100ml
닭조림,닭조림,121,10.53,4.92,8.29,2.44,220,37.19,100ml
두부조림,두부조림,138,10.51,6.73,8.66,1.73,353,0,100ml
연근조림,연근조림,185,5,6.46,28.37,7.1,528,0,100ml
우엉조림,우엉조림,120,3.76,4.88,16.45,4.62,314,0,100ml
장조림_돼지고기_메추리알,장조림,141,15.38,5.93,5.53,2.09,295,131.92,100ml
코다리조림_무,코다리조림,73,9.34,1.26,6.05,2.42,319,28.75,100ml
고구마맛탕,고구마맛탕,143,0.71,3.53,27.12,8.2,30,0,100ml
숙주나물_숙주,숙주나물,17,1.13,0.96,1.58,0.01,168,0,100ml
숙주나물_숙주_게맛살,숙주나물,28,1.84,0.9,3.71,0.78,280,1.47,100ml
숙주미나리나물,숙주미나리나물,18,1.04,0.99,1.69,0.26,178,0,100ml
시금치나물_간장_소금,시금치나물,27,1.61,1.28,3.2,0.89,264,0,100ml
참나물,참나물,17,0.76,0.8,2.11,0.19,173,0,100ml
콩나물무침_콩나물_고춧가루,콩나물무침,19,1.64,0.93,1.95,0.28,149,0,100ml
콩나물무침_콩나물_고춧가루제외,콩나물무침,19,1.61,1.15,1.46,0.12,136,0,100ml
골뱅이무침_채소,골뱅이무침,59,5.54,0.68,8.23,4.92,333,17.61,100ml
단무지무침,단무지무침,33,0.82,1.27,4.78,1.79,590,0,100ml
도라지생채_오이,도라지생채,42,1.32,0.53,9.3,4.1,285,0,100ml
도토리묵무침_채소,도토리묵무침,61,1.37,1.24,11.77,1.74,337,0,100ml
돌나물,돌나물,42,0.96,0.92,8.47,4.13,193,0,100ml
무말랭이무침,무말랭이무침,61,2,0.69,12.3,4.15,277,0,100ml
무생채_식초,무생채,42,1.18,0.84,8.18,4.49,322,0,100ml
배추겉절이,배추겉절이,40,1.95,0.95,7.13,3.95,633,1.23,100ml
부추무침_부추_채소,부추무침,24,1.02,0.83,3.73,1.86,203,0,100ml
상추겉절이,상추겉절이,24,1.06,0.76,3.92,1.89,168,0,100ml
샐러드_감자,샐러드,163,2.76,10.17,15.64,3.12,316,16.13,100ml
얼갈이겉절이,얼갈이겉절이,27,1.17,0.65,4.71,2.16,340,0.55,100ml
오이생채_오이,오이생채,32,1.32,0.54,6.66,3.75,232,0,100ml
오이생채_오이_달래,오이생채,28,1.22,0.45,5.72,2.84,255,0,100ml
오이생채_오이_부추,오이생채,48,2.13,1.09,8.93,4.81,362,0,100ml
오징어무침_채소,오징어무침,48,5.91,0.63,4.92,2.42,183,65.65,100ml
청포묵무침,청포묵무침,53,1.96,2.16,7.48,0.85,271,9.48,100ml
기장밥,기장밥,118,2.25,0.18,25.75,0.02,3,0,100ml
보리밥,보리밥,118,2.2,0.18,25.78,0.03,2,0,100ml
비빔밥_열무_양념장,비빔밥,114,3.16,1.57,21.69,1.63,232,18.87,100ml
비빔밥_참치_양념장,비빔밥,81,3.14,0.93,14.84,1.45,140,7.24,100ml
수수밥,수수밥,120,2.21,0.17,26.3,0.02,3,0,100ml
짜장밥,짜장밥,139,3.74,1.81,26.19,1.73,263,3.66,100ml
차조밥,차조밥,119,2.19,0.22,25.73,0.03,2,0,100ml
카레라이스_돼지고기,카레라이스,100,2.64,1.59,18.4,0.94,97,2.45,100ml
콩나물밥_양념장,콩나물밥,110,3.17,0.92,21.8,0.31,115,1.04,100ml
현미밥_쌀,현미밥,120,2.15,0.2,26.15,0.02,3,0,100ml
흑미밥,흑미밥,118,2.12,0.18,25.85,0.03,3,0,100ml
떡국_달걀,떡국,43,1.19,0.4,8.78,0.13,168,11.06,100ml
떡만두국_고기만두,떡만두국,69,2.46,1.34,11.89,0.18,194,7.67,100ml
만두국_고기만두,만두국,44,2.24,1.48,5.44,0.25,180,12.96,100ml
스파게티_미트소스,스파게티,108,4.34,1.84,18.58,2.84,137,5.01,100ml
스파게티_토마토소스,스파게티,116,3.56,1.38,22.5,3.83,207,0.98,100ml
우동,우동,61,1.86,0.72,11.22,0.16,246,0.73,100ml
자장면,자장면,126,4,2.05,22.05,1.91,377,1.52,100ml
잔치국수,잔치국수,63,1.99,0.55,12.03,0.63,309,3.8,100ml
쫄면,쫄면,121,3.44,0.8,24.73,4.58,601,4.41,100ml
닭죽_채소,닭죽,111,5.56,2.05,16.57,0.76,153,15.65,100ml
감자국,감자국,21,0.85,0.1,4.59,0.28,213,1.91,100ml
김치국_김치,김치국,12,0.67,0.15,2.15,0.91,323,0.01,100ml
김치국_김치_두부,김치국,18,1.52,0.59,1.86,0.59,213,0.01,100ml
달걀국,달걀국,19,1.67,0.9,0.87,0.19,205,39.49,100ml
닭고기육개장,닭고기육개장,28,2.64,1.32,1.52,0.4,141,10.02,100ml
닭곰탕,닭곰탕,48,4.3,1.83,3.32,0.32,238,14.99,100ml
된장국_근대,된장국,12,0.93,0.29,1.65,0.31,236,0,100ml
된장국_두부,된장국,26,2.29,0.99,2.14,0.44,244,0,100ml
된장국_배추,된장국,17,1.33,0.47,2.22,0.85,251,0,100ml
된장국_시금치,된장국,14,1.18,0.33,2.11,0.62,256,0.01,100ml
된장국_시래기,된장국,13,0.92,0.3,1.89,0.33,242,0.01,100ml
된장국_아욱,된장국,19,1.51,0.4,2.9,0.4,291,0,100ml
된장국_얼갈이배추,된장국,11,0.87,0.29,1.57,0.39,218,0,100ml
된장국_유부,된장국,25,1.76,1.33,1.53,0.34,209,0,100ml
들깨국,들깨국,15,0.63,0.76,1.66,0.45,170,0,100ml
무국,무국,7,0.26,0.17,1.28,0.39,177,0,100ml
미소된장국,미소된장국,21,1.58,0.83,2.04,0.36,302,0,100ml
미역국_소고기,미역국,17,1.45,1.05,0.7,0.02,215,3.58,100ml
미역국_홍합,미역국,9,1.11,0.25,0.85,0.02,213,2.8,100ml
미역냉국_오이_고추,미역냉국,14,0.6,0.19,3.11,1.99,258,0,100ml
북어국_콩나물,북어국,15,1.85,0.47,0.99,0.21,130,7.95,100ml
설렁탕,설렁탕,37,2.1,1.24,4.08,0.12,133,4.93,100ml
소고기육개장,소고기육개장,25,1.91,1.41,1.49,0.37,125,7.33,100ml
어묵국(어묵탕)_고춧가루 제외,어묵국(어묵탕),21,1.4,0.48,2.92,0.6,220,2.05,100ml
오이냉국,오이냉국,17,0.57,0.21,3.59,2.67,226,0,100ml
오징어국,오징어국,25,3.71,0.39,1.6,0.49,229,39.94,100ml
콩나물국_콩나물만,콩나물국,7,0.79,0.22,0.95,0.14,134,0.01,100ml
감자탕,감자탕,67,4.66,3.96,3.37,0.42,145,15.6,100ml
김치찌개_돼지고기,김치찌개,41,3.74,1.77,2.6,1.01,266,7.48,100ml
김치찌개_참치,김치찌개,39,4.69,1.12,2.44,0.94,354,5.1,100ml
부대찌개,부대찌개,68,4.83,2.79,6.12,1.24,368,11.14,100ml
청국장찌개_배추김치,청국장찌개,28,2.53,0.68,2.93,0.63,202,1.31,100ml
콩비지찌개,콩비지찌개,41,2.7,1.15,5.17,0.66,238,3.47,100ml
달걀찜_당근,달걀찜,69,6.24,3.64,2.21,0.52,252,162.13,100ml
닭찜_간장,닭찜,111,8.97,4.8,7.57,1.29,191,33.08,100ml
닭찜_매운양념,닭찜,106,9.16,4.87,6.18,1.66,234,32.55,100ml
돼지갈비찜_채소,돼지갈비찜,136,10.49,8.06,4.79,2.29,250,39.68,100ml
가자미구이,가자미구이,150,14.69,7.8,3.85,0.03,291,63.9,100ml
갈치구이,갈치구이,123,9.35,7.32,3.96,0,314,34.33,100ml
고등어구이,고등어구이,179,12.71,12.18,3.6,0,235,36.45,100ml
꽁치구이,꽁치구이,196,21.64,10.1,2.81,0,279,64.8,100ml
돼지불고기_간장,돼지불고기,85,8.75,3.5,4.3,2.26,218,24.22,100ml
돼지불고기_고추장,돼지불고기,85,8.52,3.17,5.79,2.88,218,22.89,100ml
삼치구이,삼치구이,81,9.2,3.81,1.78,0,167,32.65,100ml
달걀말이_채소,달걀말이,161,10.66,10.83,3.76,0.85,358,277.65,100ml
달걀부침(달걀후라이),달걀부침(달걀후라이),184,11.04,13.46,3.07,0.2,306,291.92,100ml
두부전,두부전,151,10.13,9.83,4.56,0.02,91,27.16,100ml
부추전,부추전,260,5.39,10.48,34.35,2.42,297,10.32,100ml
감자볶음_감자_당근,감자볶음,52,1.06,1.98,7.66,0.37,184,0,100ml
김치볶음_김치_참치,김치볶음,66,5.93,2.4,4.95,2.57,480,7.13,100ml
느타리버섯볶음_느타리버섯_채소,느타리버섯볶음,40,1.78,2.69,4.28,1.38,213,0,100ml
닭볶음(닭갈비)_매운양념,닭볶음(닭갈비),165,13.93,5.76,14.5,4.65,309,46.24,100ml
돼지고기볶음_돼지고기_배추김치,돼지고기볶음,103,9.43,4.32,6.41,3.43,363,24.78,100ml
돼지고기볶음_돼지고기_오징어,돼지고기볶음,113,9.89,5.36,6.49,3.18,265,63.54,100ml
돼지고기볶음_돼지고기_채소,돼지고기볶음,111,9.88,5.06,6.54,3.25,235,27.68,100ml
떡볶이_간장,떡볶이,107,3.26,1.78,19.93,2.1,264,10.98,100ml
떡볶이_고추장_어묵,떡볶이,150,3.82,1.45,31.64,5.48,415,2.47,100ml
마늘쫑볶음_건새우,마늘쫑볶음,53,2.67,2.56,5.31,2.01,287,12.63,100ml
미역줄기볶음_미역줄기,미역줄기볶음,31,0.59,2.55,2.71,0.26,1251,0,100ml
새송이버섯볶음_새송이버섯_채소,새송이버섯볶음,32,1.44,1.95,4.13,0.97,163,0,100ml
소시지볶음_채소,소시지볶음,119,5.74,7.61,6.78,2.19,391,22.58,100ml
순대볶음,순대볶음,89,2.89,4.17,10.69,2.57,259,2.06,100ml
순대볶음_떡,순대볶음,92,2.74,3.42,13.27,2.29,216,1.7,100ml
어묵볶음_어묵_채소,어묵볶음,88,4.25,3.57,10.04,2.7,360,6.4,100ml
오징어볶음_채소,오징어볶음,82,8.49,2,7.65,3.22,271,92.35,100ml
잡채_돼지고기,잡채,126,2.69,3.13,21.92,2.48,233,5,100ml
잡채_버섯,잡채,107,0.94,2.53,20.62,2.17,207,0.03,100ml
햄채소볶음,햄채소볶음,68,6.3,3.03,3.82,1.99,335,14.8,100ml
고등어조림_배추김치,고등어조림,105,9.61,4.82,5.73,2.58,453,25.3,100ml
꽁치조림_배추김치,꽁치조림,88,10.29,2.52,5.79,2.42,430,29.6,100ml
꽁치조림_채소,꽁치조림,88,10.59,2.6,5.36,1.97,362,31.7,100ml
닭도리탕,닭도리탕,122,9.82,5.33,8.85,2.82,277,34.59,100ml
닭조림,닭조림,117,10.45,5.42,6.4,1.99,220,37.94,100ml
동태조림,동태조림,64,10.06,0.51,4.5,1.86,374,33.89,100ml
두부조림,두부조림,142,11.5,6.18,10.26,2.69,465,0,100ml
연근조림,연근조림,76,1.6,0.74,16.09,3.32,322,0,100ml
우엉조림,우엉조림,88,2.71,1.05,17.89,4.75,371,0,100ml
장조림_돼지고기_메추리알,장조림,114,11.35,5.15,4.75,1.81,323,93.51,100ml
가지나물,가지나물,25,1.06,0.85,3.82,1.84,218,0,100ml
고구마줄기나물,고구마줄기나물,22,0.56,1.13,2.45,0.39,178,0,100ml
배추나물_간장_소금,배추나물,18,1.01,0.73,2.45,0.71,262,0,100ml
배추나물_된장,배추나물,32,1.72,1.25,4.25,1.76,273,0,100ml
숙주나물_숙주,숙주나물,15,1.05,0.74,1.53,0.04,168,0,100ml
숙주나물_숙주_채소,숙주나물,15,0.97,0.68,1.66,0.27,175,0,100ml
숙주미나리나물,숙주미나리나물,18,1.11,0.85,1.97,0.4,165,0,100ml
시금치나물_간장_소금,시금치나물,25,1.6,1,3.26,0.95,217,0,100ml
열무나물_된장,열무나물,30,2.19,1.15,3.61,0.92,273,0,100ml
유채나물_간장_소금,유채나물,22,2.1,0.82,2.68,0.46,195,0,100ml
참나물,참나물,14,0.72,0.56,1.94,0.2,129,0,100ml
취나물_간장_소금,취나물,25,1.04,1.01,3.7,0.58,134,0,100ml
골뱅이무침_채소,골뱅이무침,69,5.98,0.84,10.29,6.24,386,18.48,100ml
단무지무침,단무지무침,41,1.02,1.78,5.51,2.27,611,0,100ml
도라지생채_오이,도라지생채,41,1.3,0.52,8.79,3.9,220,0,100ml
도토리묵무침_채소,도토리묵무침,60,1.28,1.2,11.66,2.09,322,0,100ml
돌나물,돌나물,44,1.16,1.04,8.68,4.22,226,0,100ml
마늘쫑무침,마늘쫑무침,67,1.63,1.14,14.55,6.32,281,0,100ml
무생채_식초,무생채,35,1.01,0.8,6.59,3.39,261,0,100ml
무생채(무만),무생채(무만),30,1.03,0.56,5.77,2.57,249,0,100ml
미역초무침,미역초무침,31,1.48,0.71,6.85,3.32,406,0,100ml
부추무침_부추,부추무침,24,1.02,0.74,3.95,2.11,156,0,100ml
부추무침_부추_채소,부추무침,30,1.16,1.13,4.43,2.31,190,0,100ml
상추겉절이,상추겉절이,21,0.89,0.69,3.39,1.59,123,0,100ml
샐러드_마카로니,샐러드,140,2.37,8.17,13.76,2.72,124,3.56,100ml
샐러드_옥수수,샐러드,131,1.32,8.5,12.51,4.09,170,2.75,100ml
얼갈이겉절이,얼갈이겉절이,25,1.14,0.71,4.09,1.62,229,0.03,100ml
오이생채_오이,오이생채,30,1.24,0.48,6.21,3.64,258,0,100ml
오이생채_오이_부추,오이생채,36,1.72,0.95,6.4,3.25,257,0,100ml
오이지무침,오이지무침,28,0.76,1.09,4.3,2.15,774,0,100ml
오징어무침_채소,오징어무침,51,5.49,0.82,5.8,3.11,198,58.57,100ml
오징어채무침_채소,오징어채무침,113,11.61,1.81,13.52,6.93,363,44.2,100ml
참나물겉절이_고춧가루,참나물겉절이,18,0.74,0.6,2.91,1.1,143,0.02,100ml
청포묵무침,청포묵무침,43,1.3,1.68,6.54,0.72,282,5.92,100ml
치커리겉절이,치커리겉절이,22,0.72,0.73,3.51,1.89,160,0,100ml
파래무침_파래_무,파래무침,23,1.07,0.38,4.86,2.62,220,0,100ml
짜장소스,짜장소스,100,4.38,3.64,12.86,4.16,541,6.95,100ml
카레소스,카레소스,66,2.78,2.07,9.9,2.66,175,3.38,100ml
단팥빵,단팥빵,278,7.5,4.01,52,0.87,339,35,100g
크로와상,크로와상,406,8.2,21,45.8,11.26,744,67,100g
에그타르트,에그타르트,280,4,9.2,44,10,110,,100g
생크림빵,생크림빵,289,6.12,12.89,36.94,3.11,501,39,100g
허니브레드,허니브레드,348,4.96,17.21,45.06,15.21,403,41,100g
바닐라푸딩,푸딩,130,2.3,3.6,22,20.2,135,7,100g
우유,우유,52,3.39,2.06,4.86,5.32,42,7,100ml
야쿠르트,야쿠르트,63,5.25,1.55,7.04,7.04,234,6,100g
요거트,요거트,63,3.6,1.99,7.7,7.7,48,8,100g
그릭요거트,그릭요거트,117,4.05,9.19,5.04,4.62,55,35,100g
코카콜라,탄산음료,46,0,0,11.5,0,6,0,100ml
사이다(칠성),탄산음료,47.5,0,0,16,0,5,0,100ml
환타,탄산음료,54.4,0,0,13.6,0,0,0,100ml
